session_id,ts,ip,client
1,2015-07-22T23:12:17.437+05:30,1.186.76.11,"Mozilla/5.0 (Windows NT 6.3; WOW64) AppleWebKit/537.36 (KHTML, like Gecko) Chrome/43.0.2357.134 Safari/537.36"
1,2015-07-22T23:16:24.613+05:30,1.186.76.11,"Mozilla/5.0 (Windows NT 6.3; WOW64) AppleWebKit/537.36 (KHTML, like Gecko) Chrome/43.0.2357.134 Safari/537.36"
1,2015-07-22T23:16:40.596+05:30,1.186.76.11,"Mozilla/5.0 (Windows NT 6.3; WOW64) AppleWebKit/537.36 (KHTML, like Gecko) Chrome/43.0.2357.134 Safari/537.36"
1,2015-07-22T23:17:47.374+05:30,1.186.76.11,"Mozilla/5.0 (Windows NT 6.3; WOW64) AppleWebKit/537.36 (KHTML, like Gecko) Chrome/43.0.2357.134 Safari/537.36"
1,2015-07-22T23:18:16.435+05:30,1.186.76.11,"Mozilla/5.0 (Windows NT 6.3; WOW64) AppleWebKit/537.36 (KHTML, like Gecko) Chrome/43.0.2357.134 Safari/537.36"
1,2015-07-22T23:18:39.129+05:30,1.186.76.11,"Mozilla/5.0 (Windows NT 6.3; WOW64) AppleWebKit/537.36 (KHTML, like Gecko) Chrome/43.0.2357.134 Safari/537.36"
1,2015-07-22T23:19:13.114+05:30,1.186.76.11,"Mozilla/5.0 (Windows NT 6.3; WOW64) AppleWebKit/537.36 (KHTML, like Gecko) Chrome/43.0.2357.134 Safari/537.36"
1,2015-07-22T23:20:24.701+05:30,1.186.76.11,"Mozilla/5.0 (Windows NT 6.3; WOW64) AppleWebKit/537.36 (KHTML, like Gecko) Chrome/43.0.2357.134 Safari/537.36"
1,2015-07-22T23:21:59.418+05:30,1.186.76.11,"Mozilla/5.0 (Windows NT 6.3; WOW64) AppleWebKit/537.36 (KHTML, like Gecko) Chrome/43.0.2357.134 Safari/537.36"
1,2015-07-22T23:23:11.948+05:30,1.186.76.11,"Mozilla/5.0 (Windows NT 6.3; WOW64) AppleWebKit/537.36 (KHTML, like Gecko) Chrome/43.0.2357.134 Safari/537.36"
1,2015-07-22T23:24:10.573+05:30,1.186.76.11,"Mozilla/5.0 (Windows NT 6.3; WOW64) AppleWebKit/537.36 (KHTML, like Gecko) Chrome/43.0.2357.134 Safari/537.36"
1,2015-07-22T23:27:06.240+05:30,1.186.76.11,"Mozilla/5.0 (Windows NT 6.3; WOW64) AppleWebKit/537.36 (KHTML, like Gecko) Chrome/43.0.2357.134 Safari/537.36"
1,2015-07-22T23:27:07.391+05:30,1.186.76.11,"Mozilla/5.0 (Windows NT 6.3; WOW64) AppleWebKit/537.36 (KHTML, like Gecko) Chrome/43.0.2357.134 Safari/537.36"
1,2015-07-22T23:27:18.856+05:30,1.186.76.11,"Mozilla/5.0 (Windows NT 6.3; WOW64) AppleWebKit/537.36 (KHTML, like Gecko) Chrome/43.0.2357.134 Safari/537.36"
1,2015-07-22T23:29:48.862+05:30,1.186.76.11,"Mozilla/5.0 (Windows NT 6.3; WOW64) AppleWebKit/537.36 (KHTML, like Gecko) Chrome/43.0.2357.134 Safari/537.36"
1,2015-07-22T23:30:39.487+05:30,1.186.76.11,"Mozilla/5.0 (Windows NT 6.3; WOW64) AppleWebKit/537.36 (KHTML, like Gecko) Chrome/43.0.2357.134 Safari/537.36"
1,2015-07-22T23:30:44.037+05:30,1.186.76.11,"Mozilla/5.0 (Windows NT 6.3; WOW64) AppleWebKit/537.36 (KHTML, like Gecko) Chrome/43.0.2357.134 Safari/537.36"
1,2015-07-22T23:34:06.680+05:30,1.186.76.11,"Mozilla/5.0 (Windows NT 6.3; WOW64) AppleWebKit/537.36 (KHTML, like Gecko) Chrome/43.0.2357.134 Safari/537.36"
1,2015-07-22T23:34:57.653+05:30,1.186.76.11,"Mozilla/5.0 (Windows NT 6.3; WOW64) AppleWebKit/537.36 (KHTML, like Gecko) Chrome/43.0.2357.134 Safari/537.36"
1,2015-07-22T23:39:06.664+05:30,1.186.76.11,"Mozilla/5.0 (Windows NT 6.3; WOW64) AppleWebKit/537.36 (KHTML, like Gecko) Chrome/43.0.2357.134 Safari/537.36"
1,2015-07-22T23:39:11.200+05:30,1.186.76.11,"Mozilla/5.0 (Windows NT 6.3; WOW64) AppleWebKit/537.36 (KHTML, like Gecko) Chrome/43.0.2357.134 Safari/537.36"
1,2015-07-22T23:39:15.778+05:30,1.186.76.11,"Mozilla/5.0 (Windows NT 6.3; WOW64) AppleWebKit/537.36 (KHTML, like Gecko) Chrome/43.0.2357.134 Safari/537.36"
1,2015-07-22T23:40:59.974+05:30,1.186.76.11,"Mozilla/5.0 (Windows NT 6.3; WOW64) AppleWebKit/537.36 (KHTML, like Gecko) Chrome/43.0.2357.134 Safari/537.36"
1,2015-07-22T23:42:36.679+05:30,1.186.76.11,"Mozilla/5.0 (Windows NT 6.3; WOW64) AppleWebKit/537.36 (KHTML, like Gecko) Chrome/43.0.2357.134 Safari/537.36"
1,2015-07-22T23:45:43.308+05:30,1.186.76.11,"Mozilla/5.0 (Windows NT 6.3; WOW64) AppleWebKit/537.36 (KHTML, like Gecko) Chrome/43.0.2357.134 Safari/537.36"
1,2015-07-22T23:46:00.449+05:30,1.186.76.11,"Mozilla/5.0 (Windows NT 6.3; WOW64) AppleWebKit/537.36 (KHTML, like Gecko) Chrome/43.0.2357.134 Safari/537.36"
2,2015-07-22T12:27:13.853+05:30,1.22.132.104,"Mozilla/5.0 (Windows NT 6.3; WOW64) AppleWebKit/537.36 (KHTML, like Gecko) Chrome/43.0.2357.134 Safari/537.36"
2,2015-07-22T12:28:02.241+05:30,1.22.132.104,"Mozilla/5.0 (Windows NT 6.3; WOW64) AppleWebKit/537.36 (KHTML, like Gecko) Chrome/43.0.2357.134 Safari/537.36"
2,2015-07-22T12:29:26.625+05:30,1.22.132.104,"Mozilla/5.0 (Windows NT 6.3; WOW64) AppleWebKit/537.36 (KHTML, like Gecko) Chrome/43.0.2357.134 Safari/537.36"
2,2015-07-22T12:29:28.820+05:30,1.22.132.104,"Mozilla/5.0 (Windows NT 6.3; WOW64) AppleWebKit/537.36 (KHTML, like Gecko) Chrome/43.0.2357.134 Safari/537.36"
2,2015-07-22T12:29:47.240+05:30,1.22.132.104,"Mozilla/5.0 (Windows NT 6.3; WOW64) AppleWebKit/537.36 (KHTML, like Gecko) Chrome/43.0.2357.134 Safari/537.36"
2,2015-07-22T12:30:34.133+05:30,1.22.132.104,"Mozilla/5.0 (Windows NT 6.3; WOW64) AppleWebKit/537.36 (KHTML, like Gecko) Chrome/43.0.2357.134 Safari/537.36"
2,2015-07-22T12:30:47.510+05:30,1.22.132.104,"Mozilla/5.0 (Windows NT 6.3; WOW64) AppleWebKit/537.36 (KHTML, like Gecko) Chrome/43.0.2357.134 Safari/537.36"
2,2015-07-22T12:30:52.509+05:30,1.22.132.104,"Mozilla/5.0 (Windows NT 6.3; WOW64) AppleWebKit/537.36 (KHTML, like Gecko) Chrome/43.0.2357.134 Safari/537.36"
2,2015-07-22T12:31:13.868+05:30,1.22.132.104,"Mozilla/5.0 (Windows NT 6.3; WOW64) AppleWebKit/537.36 (KHTML, like Gecko) Chrome/43.0.2357.134 Safari/537.36"
2,2015-07-22T12:31:58.489+05:30,1.22.132.104,"Mozilla/5.0 (Windows NT 6.3; WOW64) AppleWebKit/537.36 (KHTML, like Gecko) Chrome/43.0.2357.134 Safari/537.36"
2,2015-07-22T12:32:27.118+05:30,1.22.132.104,"Mozilla/5.0 (Windows NT 6.3; WOW64) AppleWebKit/537.36 (KHTML, like Gecko) Chrome/43.0.2357.134 Safari/537.36"
2,2015-07-22T12:32:47.747+05:30,1.22.132.104,"Mozilla/5.0 (Windows NT 6.3; WOW64) AppleWebKit/537.36 (KHTML, like Gecko) Chrome/43.0.2357.134 Safari/537.36"
2,2015-07-22T12:33:59.642+05:30,1.22.132.104,"Mozilla/5.0 (Windows NT 6.3; WOW64) AppleWebKit/537.36 (KHTML, like Gecko) Chrome/43.0.2357.134 Safari/537.36"
2,2015-07-22T12:35:33.843+05:30,1.22.132.104,"Mozilla/5.0 (Windows NT 6.3; WOW64) AppleWebKit/537.36 (KHTML, like Gecko) Chrome/43.0.2357.134 Safari/537.36"
2,2015-07-22T12:36:57.503+05:30,1.22.132.104,"Mozilla/5.0 (Windows NT 6.3; WOW64) AppleWebKit/537.36 (KHTML, like Gecko) Chrome/43.0.2357.134 Safari/537.36"
2,2015-07-22T12:38:25.760+05:30,1.22.132.104,"Mozilla/5.0 (Windows NT 6.3; WOW64) AppleWebKit/537.36 (KHTML, like Gecko) Chrome/43.0.2357.134 Safari/537.36"
2,2015-07-22T12:38:42.317+05:30,1.22.132.104,"Mozilla/5.0 (Windows NT 6.3; WOW64) AppleWebKit/537.36 (KHTML, like Gecko) Chrome/43.0.2357.134 Safari/537.36"
2,2015-07-22T12:39:05.080+05:30,1.22.132.104,"Mozilla/5.0 (Windows NT 6.3; WOW64) AppleWebKit/537.36 (KHTML, like Gecko) Chrome/43.0.2357.134 Safari/537.36"
2,2015-07-22T12:39:50.798+05:30,1.22.132.104,"Mozilla/5.0 (Windows NT 6.3; WOW64) AppleWebKit/537.36 (KHTML, like Gecko) Chrome/43.0.2357.134 Safari/537.36"
2,2015-07-22T12:40:13.454+05:30,1.22.132.104,"Mozilla/5.0 (Windows NT 6.3; WOW64) AppleWebKit/537.36 (KHTML, like Gecko) Chrome/43.0.2357.134 Safari/537.36"
2,2015-07-22T12:40:27.650+05:30,1.22.132.104,"Mozilla/5.0 (Windows NT 6.3; WOW64) AppleWebKit/537.36 (KHTML, like Gecko) Chrome/43.0.2357.134 Safari/537.36"
2,2015-07-22T12:40:33.409+05:30,1.22.132.104,"Mozilla/5.0 (Windows NT 6.3; WOW64) AppleWebKit/537.36 (KHTML, like Gecko) Chrome/43.0.2357.134 Safari/537.36"
2,2015-07-22T12:41:10.044+05:30,1.22.132.104,"Mozilla/5.0 (Windows NT 6.3; WOW64) AppleWebKit/537.36 (KHTML, like Gecko) Chrome/43.0.2357.134 Safari/537.36"
2,2015-07-22T12:41:17.665+05:30,1.22.132.104,"Mozilla/5.0 (Windows NT 6.3; WOW64) AppleWebKit/537.36 (KHTML, like Gecko) Chrome/43.0.2357.134 Safari/537.36"
2,2015-07-22T12:41:35.035+05:30,1.22.132.104,"Mozilla/5.0 (Windows NT 6.3; WOW64) AppleWebKit/537.36 (KHTML, like Gecko) Chrome/43.0.2357.134 Safari/537.36"
3,2015-07-22T23:23:25.627+05:30,1.22.187.226,Mozilla/5.0 (Windows NT 6.1; WOW64; rv:39.0) Gecko/20100101 Firefox/39.0
4,2015-07-22T21:51:29.187+05:30,1.22.84.151,"Mozilla/5.0 (Windows NT 6.1; WOW64) AppleWebKit/537.36 (KHTML, like Gecko) Chrome/43.0.2357.134 Safari/537.36"
4,2015-07-22T21:53:47.919+05:30,1.22.84.151,"Mozilla/5.0 (Windows NT 6.1; WOW64) AppleWebKit/537.36 (KHTML, like Gecko) Chrome/43.0.2357.134 Safari/537.36"
4,2015-07-22T21:54:17.245+05:30,1.22.84.151,"Mozilla/5.0 (Windows NT 6.1; WOW64) AppleWebKit/537.36 (KHTML, like Gecko) Chrome/43.0.2357.134 Safari/537.36"
4,2015-07-22T21:58:22.093+05:30,1.22.84.151,"Mozilla/5.0 (Windows NT 6.1; WOW64) AppleWebKit/537.36 (KHTML, like Gecko) Chrome/43.0.2357.134 Safari/537.36"
4,2015-07-22T21:59:52.139+05:30,1.22.84.151,"Mozilla/5.0 (Windows NT 6.1; WOW64) AppleWebKit/537.36 (KHTML, like Gecko) Chrome/43.0.2357.134 Safari/537.36"
4,2015-07-22T22:02:45.844+05:30,1.22.84.151,"Mozilla/5.0 (Windows NT 6.1; WOW64) AppleWebKit/537.36 (KHTML, like Gecko) Chrome/43.0.2357.134 Safari/537.36"
4,2015-07-22T22:03:13.401+05:30,1.22.84.151,"Mozilla/5.0 (Windows NT 6.1; WOW64) AppleWebKit/537.36 (KHTML, like Gecko) Chrome/43.0.2357.134 Safari/537.36"
4,2015-07-22T22:03:36.148+05:30,1.22.84.151,"Mozilla/5.0 (Windows NT 6.1; WOW64) AppleWebKit/537.36 (KHTML, like Gecko) Chrome/43.0.2357.134 Safari/537.36"
4,2015-07-22T22:07:16.522+05:30,1.22.84.151,"Mozilla/5.0 (Windows NT 6.1; WOW64) AppleWebKit/537.36 (KHTML, like Gecko) Chrome/43.0.2357.134 Safari/537.36"
4,2015-07-22T22:07:19.050+05:30,1.22.84.151,"Mozilla/5.0 (Windows NT 6.1; WOW64) AppleWebKit/537.36 (KHTML, like Gecko) Chrome/43.0.2357.134 Safari/537.36"
5,2015-07-22T23:17:15.448+05:30,1.23.80.25,"Mozilla/5.0 (Windows NT 6.1) AppleWebKit/537.36 (KHTML, like Gecko) Chrome/43.0.2357.134 Safari/537.36"
6,2015-07-22T23:25:44.102+05:30,1.23.80.25,"Mozilla/5.0 (Windows NT 6.1) AppleWebKit/537.36 (KHTML, like Gecko) Chrome/43.0.2357.134 Safari/537.36"
6,2015-07-22T23:27:01.830+05:30,1.23.80.25,"Mozilla/5.0 (Windows NT 6.1) AppleWebKit/537.36 (KHTML, like Gecko) Chrome/43.0.2357.134 Safari/537.36"
6,2015-07-22T23:28:17.504+05:30,1.23.80.25,"Mozilla/5.0 (Windows NT 6.1) AppleWebKit/537.36 (KHTML, like Gecko) Chrome/43.0.2357.134 Safari/537.36"
6,2015-07-22T23:28:32.356+05:30,1.23.80.25,"Mozilla/5.0 (Windows NT 6.1) AppleWebKit/537.36 (KHTML, like Gecko) Chrome/43.0.2357.134 Safari/537.36"
6,2015-07-22T23:29:00.967+05:30,1.23.80.25,"Mozilla/5.0 (Windows NT 6.1) AppleWebKit/537.36 (KHTML, like Gecko) Chrome/43.0.2357.134 Safari/537.36"
7,2015-07-22T16:08:39.900+05:30,1.38.16.236,"Mozilla/5.0 (Windows NT 6.1) AppleWebKit/535.19 (KHTML, like Gecko) Chrome/18.0.1025.142 Safari/535.19"
7,2015-07-22T16:11:40.609+05:30,1.38.16.236,"Mozilla/5.0 (Windows NT 6.1) AppleWebKit/535.19 (KHTML, like Gecko) Chrome/18.0.1025.142 Safari/535.19"
7,2015-07-22T16:13:09.524+05:30,1.38.16.236,"Mozilla/5.0 (Windows NT 6.1) AppleWebKit/535.19 (KHTML, like Gecko) Chrome/18.0.1025.142 Safari/535.19"
8,2015-07-22T21:48:50.914+05:30,1.38.20.50,"Mozilla/5.0 (Linux; U; Android 4.2.2; en-gb; GT-I9060 Build/JDQ39) AppleWebKit/534.30 (KHTML, like Gecko) Version/4.0 Mobile Safari/534.30"
8,2015-07-22T21:48:54.625+05:30,1.38.20.50,"Mozilla/5.0 (Linux; U; Android 4.2.2; en-gb; GT-I9060 Build/JDQ39) AppleWebKit/534.30 (KHTML, like Gecko) Version/4.0 Mobile Safari/534.30"
9,2015-07-22T14:33:13.298+05:30,1.39.10.140,"Mozilla/5.0 (iPhone; CPU iPhone OS 8_1_1 like Mac OS X) AppleWebKit/600.1.4 (KHTML, like Gecko) Version/8.0 Mobile/12B435 Safari/600.1.4"
10,2015-07-22T22:03:50.335+05:30,1.39.12.167,"Mozilla/5.0 (Linux; U; Android 4.0.4; en-gb; LG-P990 Build/IMM76L) AppleWebKit/534.30 (KHTML, like Gecko) Version/4.0 Mobile Safari/534.30"
10,2015-07-22T22:04:34.104+05:30,1.39.12.167,"Mozilla/5.0 (Linux; U; Android 4.0.4; en-gb; LG-P990 Build/IMM76L) AppleWebKit/534.30 (KHTML, like Gecko) Version/4.0 Mobile Safari/534.30"
10,2015-07-22T22:05:04.409+05:30,1.39.12.167,"Mozilla/5.0 (Linux; U; Android 4.0.4; en-gb; LG-P990 Build/IMM76L) AppleWebKit/534.30 (KHTML, like Gecko) Version/4.0 Mobile Safari/534.30"
10,2015-07-22T22:08:08.798+05:30,1.39.12.167,"Mozilla/5.0 (Linux; U; Android 4.0.4; en-gb; LG-P990 Build/IMM76L) AppleWebKit/534.30 (KHTML, like Gecko) Version/4.0 Mobile Safari/534.30"
10,2015-07-22T22:08:48.610+05:30,1.39.12.167,"Mozilla/5.0 (Linux; U; Android 4.0.4; en-gb; LG-P990 Build/IMM76L) AppleWebKit/534.30 (KHTML, like Gecko) Version/4.0 Mobile Safari/534.30"
10,2015-07-22T22:09:58.736+05:30,1.39.12.167,"Mozilla/5.0 (Linux; U; Android 4.0.4; en-gb; LG-P990 Build/IMM76L) AppleWebKit/534.30 (KHTML, like Gecko) Version/4.0 Mobile Safari/534.30"
11,2015-07-22T22:17:00.627+05:30,1.39.12.227,"Mozilla/5.0 (Linux; U; Android 4.2.2; en-gb; GT-S7582 Build/JDQ39) AppleWebKit/534.30 (KHTML, like Gecko) Version/4.0 Mobile Safari/534.30"
11,2015-07-22T22:17:32.111+05:30,1.39.12.227,"Mozilla/5.0 (Linux; U; Android 4.2.2; en-gb; GT-S7582 Build/JDQ39) AppleWebKit/534.30 (KHTML, like Gecko) Version/4.0 Mobile Safari/534.30"
11,2015-07-22T22:20:00.421+05:30,1.39.12.227,"Mozilla/5.0 (Linux; U; Android 4.2.2; en-gb; GT-S7582 Build/JDQ39) AppleWebKit/534.30 (KHTML, like Gecko) Version/4.0 Mobile Safari/534.30"
12,2015-07-22T21:51:34.196+05:30,1.39.33.236,"Mozilla/5.0 (Linux; U; Android 2.3.5; en-us; Spice MI352 Build/GRJ90) AppleWebKit/5.33.1 (KHTML, like Gecko) Version/4.0 Mobile Safari/533.1"
13,2015-07-22T21:57:53.438+05:30,1.39.33.236,"Mozilla/5.0 (Linux; U; Android 2.3.5; en-us; Spice MI352 Build/GRJ90) AppleWebKit/5.33.1 (KHTML, like Gecko) Version/4.0 Mobile Safari/533.1"
13,2015-07-22T22:00:55.972+05:30,1.39.33.236,"Mozilla/5.0 (Linux; U; Android 2.3.5; en-us; Spice MI352 Build/GRJ90) AppleWebKit/5.33.1 (KHTML, like Gecko) Version/4.0 Mobile Safari/533.1"
14,2015-07-22T16:14:52.627+05:30,1.39.34.3,"Mozilla/5.0 (Linux; U; Android 4.1.2; en-us; GT-P3100 Build/JZO54K) AppleWebKit/534.30 (KHTML, like Gecko) Version/4.0 Safari/534.30"
15,2015-07-22T21:53:17.510+05:30,1.39.35.229,"Mozilla/5.0 (Linux; Android 4.4.2; HTC Desire 620G dual sim Build/KOT49H) AppleWebKit/537.36 (KHTML, like Gecko) Version/4.0 Chrome/30.0.0.0 Mobile Safari/537.36"
15,2015-07-22T21:53:37.088+05:30,1.39.35.229,"Mozilla/5.0 (Linux; Android 4.4.2; HTC Desire 620G dual sim Build/KOT49H) AppleWebKit/537.36 (KHTML, like Gecko) Version/4.0 Chrome/30.0.0.0 Mobile Safari/537.36"
15,2015-07-22T21:53:58.455+05:30,1.39.35.229,"Mozilla/5.0 (Linux; Android 4.4.2; HTC Desire 620G dual sim Build/KOT49H) AppleWebKit/537.36 (KHTML, like Gecko) Version/4.0 Chrome/30.0.0.0 Mobile Safari/537.36"
15,2015-07-22T21:54:08.379+05:30,1.39.35.229,"Mozilla/5.0 (Linux; Android 4.4.2; HTC Desire 620G dual sim Build/KOT49H) AppleWebKit/537.36 (KHTML, like Gecko) Version/4.0 Chrome/30.0.0.0 Mobile Safari/537.36"
15,2015-07-22T21:54:17.600+05:30,1.39.35.229,"Mozilla/5.0 (Linux; Android 4.4.2; HTC Desire 620G dual sim Build/KOT49H) AppleWebKit/537.36 (KHTML, like Gecko) Version/4.0 Chrome/30.0.0.0 Mobile Safari/537.36"
15,2015-07-22T21:54:18.460+05:30,1.39.35.229,"Mozilla/5.0 (Linux; Android 4.4.2; HTC Desire 620G dual sim Build/KOT49H) AppleWebKit/537.36 (KHTML, like Gecko) Version/4.0 Chrome/30.0.0.0 Mobile Safari/537.36"
15,2015-07-22T21:54:26.443+05:30,1.39.35.229,"Mozilla/5.0 (Linux; Android 4.4.2; HTC Desire 620G dual sim Build/KOT49H) AppleWebKit/537.36 (KHTML, like Gecko) Version/4.0 Chrome/30.0.0.0 Mobile Safari/537.36"
15,2015-07-22T21:54:27.513+05:30,1.39.35.229,"Mozilla/5.0 (Linux; Android 4.4.2; HTC Desire 620G dual sim Build/KOT49H) AppleWebKit/537.36 (KHTML, like Gecko) Version/4.0 Chrome/30.0.0.0 Mobile Safari/537.36"
15,2015-07-22T21:54:28.433+05:30,1.39.35.229,"Mozilla/5.0 (Linux; Android 4.4.2; HTC Desire 620G dual sim Build/KOT49H) AppleWebKit/537.36 (KHTML, like Gecko) Version/4.0 Chrome/30.0.0.0 Mobile Safari/537.36"
15,2015-07-22T21:54:38.937+05:30,1.39.35.229,"Mozilla/5.0 (Linux; Android 4.4.2; HTC Desire 620G dual sim Build/KOT49H) AppleWebKit/537.36 (KHTML, like Gecko) Version/4.0 Chrome/30.0.0.0 Mobile Safari/537.36"
15,2015-07-22T21:54:59.625+05:30,1.39.35.229,"Mozilla/5.0 (Linux; Android 4.4.2; HTC Desire 620G dual sim Build/KOT49H) AppleWebKit/537.36 (KHTML, like Gecko) Version/4.0 Chrome/30.0.0.0 Mobile Safari/537.36"
15,2015-07-22T21:55:58.458+05:30,1.39.35.229,"Mozilla/5.0 (Linux; Android 4.4.2; HTC Desire 620G dual sim Build/KOT49H) AppleWebKit/537.36 (KHTML, like Gecko) Version/4.0 Chrome/30.0.0.0 Mobile Safari/537.36"
15,2015-07-22T21:56:39.049+05:30,1.39.35.229,"Mozilla/5.0 (Linux; Android 4.4.2; HTC Desire 620G dual sim Build/KOT49H) AppleWebKit/537.36 (KHTML, like Gecko) Version/4.0 Chrome/30.0.0.0 Mobile Safari/537.36"
15,2015-07-22T21:56:49.033+05:30,1.39.35.229,"Mozilla/5.0 (Linux; Android 4.4.2; HTC Desire 620G dual sim Build/KOT49H) AppleWebKit/537.36 (KHTML, like Gecko) Version/4.0 Chrome/30.0.0.0 Mobile Safari/537.36"
16,2015-07-22T21:56:49.391+05:30,1.39.35.229,"Mozilla/5.0 (Linux; Android 4.4.2; HTC Desire 620G dual sim Build/KOT49H) AppleWebKit/537.36 (KHTML, like Gecko) Version/4.0 Chrome/30.0.0.0 Mobile Safari/537.36"
16,2015-07-22T21:57:18.346+05:30,1.39.35.229,"Mozilla/5.0 (Linux; Android 4.4.2; HTC Desire 620G dual sim Build/KOT49H) AppleWebKit/537.36 (KHTML, like Gecko) Version/4.0 Chrome/30.0.0.0 Mobile Safari/537.36"
16,2015-07-22T21:57:26.356+05:30,1.39.35.229,"Mozilla/5.0 (Linux; Android 4.4.2; HTC Desire 620G dual sim Build/KOT49H) AppleWebKit/537.36 (KHTML, like Gecko) Version/4.0 Chrome/30.0.0.0 Mobile Safari/537.36"
16,2015-07-22T21:57:55.485+05:30,1.39.35.229,"Mozilla/5.0 (Linux; Android 4.4.2; HTC Desire 620G dual sim Build/KOT49H) AppleWebKit/537.36 (KHTML, like Gecko) Version/4.0 Chrome/30.0.0.0 Mobile Safari/537.36"
16,2015-07-22T21:58:26.869+05:30,1.39.35.229,"Mozilla/5.0 (Linux; Android 4.4.2; HTC Desire 620G dual sim Build/KOT49H) AppleWebKit/537.36 (KHTML, like Gecko) Version/4.0 Chrome/30.0.0.0 Mobile Safari/537.36"
16,2015-07-22T21:58:36.531+05:30,1.39.35.229,"Mozilla/5.0 (Linux; Android 4.4.2; HTC Desire 620G dual sim Build/KOT49H) AppleWebKit/537.36 (KHTML, like Gecko) Version/4.0 Chrome/30.0.0.0 Mobile Safari/537.36"
16,2015-07-22T21:58:46.368+05:30,1.39.35.229,"Mozilla/5.0 (Linux; Android 4.4.2; HTC Desire 620G dual sim Build/KOT49H) AppleWebKit/537.36 (KHTML, like Gecko) Version/4.0 Chrome/30.0.0.0 Mobile Safari/537.36"
16,2015-07-22T21:58:48.081+05:30,1.39.35.229,"Mozilla/5.0 (Linux; Android 4.4.2; HTC Desire 620G dual sim Build/KOT49H) AppleWebKit/537.36 (KHTML, like Gecko) Version/4.0 Chrome/30.0.0.0 Mobile Safari/537.36"
16,2015-07-22T21:58:59.535+05:30,1.39.35.229,"Mozilla/5.0 (Linux; Android 4.4.2; HTC Desire 620G dual sim Build/KOT49H) AppleWebKit/537.36 (KHTML, like Gecko) Version/4.0 Chrome/30.0.0.0 Mobile Safari/537.36"
16,2015-07-22T21:59:05.593+05:30,1.39.35.229,"Mozilla/5.0 (Linux; Android 4.4.2; HTC Desire 620G dual sim Build/KOT49H) AppleWebKit/537.36 (KHTML, like Gecko) Version/4.0 Chrome/30.0.0.0 Mobile Safari/537.36"
16,2015-07-22T21:59:07.645+05:30,1.39.35.229,"Mozilla/5.0 (Linux; Android 4.4.2; HTC Desire 620G dual sim Build/KOT49H) AppleWebKit/537.36 (KHTML, like Gecko) Version/4.0 Chrome/30.0.0.0 Mobile Safari/537.36"
16,2015-07-22T22:00:28.510+05:30,1.39.35.229,"Mozilla/5.0 (Linux; Android 4.4.2; HTC Desire 620G dual sim Build/KOT49H) AppleWebKit/537.36 (KHTML, like Gecko) Version/4.0 Chrome/30.0.0.0 Mobile Safari/537.36"
16,2015-07-22T22:00:47.702+05:30,1.39.35.229,"Mozilla/5.0 (Linux; Android 4.4.2; HTC Desire 620G dual sim Build/KOT49H) AppleWebKit/537.36 (KHTML, like Gecko) Version/4.0 Chrome/30.0.0.0 Mobile Safari/537.36"
16,2015-07-22T22:01:08.108+05:30,1.39.35.229,"Mozilla/5.0 (Linux; Android 4.4.2; HTC Desire 620G dual sim Build/KOT49H) AppleWebKit/537.36 (KHTML, like Gecko) Version/4.0 Chrome/30.0.0.0 Mobile Safari/537.36"
16,2015-07-22T22:01:24.936+05:30,1.39.35.229,"Mozilla/5.0 (Linux; Android 4.4.2; HTC Desire 620G dual sim Build/KOT49H) AppleWebKit/537.36 (KHTML, like Gecko) Version/4.0 Chrome/30.0.0.0 Mobile Safari/537.36"
16,2015-07-22T22:01:26.923+05:30,1.39.35.229,"Mozilla/5.0 (Linux; Android 4.4.2; HTC Desire 620G dual sim Build/KOT49H) AppleWebKit/537.36 (KHTML, like Gecko) Version/4.0 Chrome/30.0.0.0 Mobile Safari/537.36"
16,2015-07-22T22:01:36.046+05:30,1.39.35.229,"Mozilla/5.0 (Linux; Android 4.4.2; HTC Desire 620G dual sim Build/KOT49H) AppleWebKit/537.36 (KHTML, like Gecko) Version/4.0 Chrome/30.0.0.0 Mobile Safari/537.36"
16,2015-07-22T22:01:46.879+05:30,1.39.35.229,"Mozilla/5.0 (Linux; Android 4.4.2; HTC Desire 620G dual sim Build/KOT49H) AppleWebKit/537.36 (KHTML, like Gecko) Version/4.0 Chrome/30.0.0.0 Mobile Safari/537.36"
16,2015-07-22T22:01:56.636+05:30,1.39.35.229,"Mozilla/5.0 (Linux; Android 4.4.2; HTC Desire 620G dual sim Build/KOT49H) AppleWebKit/537.36 (KHTML, like Gecko) Version/4.0 Chrome/30.0.0.0 Mobile Safari/537.36"
16,2015-07-22T22:02:06.355+05:30,1.39.35.229,"Mozilla/5.0 (Linux; Android 4.4.2; HTC Desire 620G dual sim Build/KOT49H) AppleWebKit/537.36 (KHTML, like Gecko) Version/4.0 Chrome/30.0.0.0 Mobile Safari/537.36"
16,2015-07-22T22:02:08.853+05:30,1.39.35.229,"Mozilla/5.0 (Linux; Android 4.4.2; HTC Desire 620G dual sim Build/KOT49H) AppleWebKit/537.36 (KHTML, like Gecko) Version/4.0 Chrome/30.0.0.0 Mobile Safari/537.36"
16,2015-07-22T22:02:16.507+05:30,1.39.35.229,"Mozilla/5.0 (Linux; Android 4.4.2; HTC Desire 620G dual sim Build/KOT49H) AppleWebKit/537.36 (KHTML, like Gecko) Version/4.0 Chrome/30.0.0.0 Mobile Safari/537.36"
16,2015-07-22T22:02:18.673+05:30,1.39.35.229,"Mozilla/5.0 (Linux; Android 4.4.2; HTC Desire 620G dual sim Build/KOT49H) AppleWebKit/537.36 (KHTML, like Gecko) Version/4.0 Chrome/30.0.0.0 Mobile Safari/537.36"
16,2015-07-22T22:02:28.392+05:30,1.39.35.229,"Mozilla/5.0 (Linux; Android 4.4.2; HTC Desire 620G dual sim Build/KOT49H) AppleWebKit/537.36 (KHTML, like Gecko) Version/4.0 Chrome/30.0.0.0 Mobile Safari/537.36"
16,2015-07-22T22:02:48.363+05:30,1.39.35.229,"Mozilla/5.0 (Linux; Android 4.4.2; HTC Desire 620G dual sim Build/KOT49H) AppleWebKit/537.36 (KHTML, like Gecko) Version/4.0 Chrome/30.0.0.0 Mobile Safari/537.36"
16,2015-07-22T22:03:28.436+05:30,1.39.35.229,"Mozilla/5.0 (Linux; Android 4.4.2; HTC Desire 620G dual sim Build/KOT49H) AppleWebKit/537.36 (KHTML, like Gecko) Version/4.0 Chrome/30.0.0.0 Mobile Safari/537.36"
16,2015-07-22T22:03:38.681+05:30,1.39.35.229,"Mozilla/5.0 (Linux; Android 4.4.2; HTC Desire 620G dual sim Build/KOT49H) AppleWebKit/537.36 (KHTML, like Gecko) Version/4.0 Chrome/30.0.0.0 Mobile Safari/537.36"
16,2015-07-22T22:04:16.614+05:30,1.39.35.229,"Mozilla/5.0 (Linux; Android 4.4.2; HTC Desire 620G dual sim Build/KOT49H) AppleWebKit/537.36 (KHTML, like Gecko) Version/4.0 Chrome/30.0.0.0 Mobile Safari/537.36"
16,2015-07-22T22:04:26.862+05:30,1.39.35.229,"Mozilla/5.0 (Linux; Android 4.4.2; HTC Desire 620G dual sim Build/KOT49H) AppleWebKit/537.36 (KHTML, like Gecko) Version/4.0 Chrome/30.0.0.0 Mobile Safari/537.36"
16,2015-07-22T22:04:28.993+05:30,1.39.35.229,"Mozilla/5.0 (Linux; Android 4.4.2; HTC Desire 620G dual sim Build/KOT49H) AppleWebKit/537.36 (KHTML, like Gecko) Version/4.0 Chrome/30.0.0.0 Mobile Safari/537.36"
16,2015-07-22T22:04:36.824+05:30,1.39.35.229,"Mozilla/5.0 (Linux; Android 4.4.2; HTC Desire 620G dual sim Build/KOT49H) AppleWebKit/537.36 (KHTML, like Gecko) Version/4.0 Chrome/30.0.0.0 Mobile Safari/537.36"
16,2015-07-22T22:04:46.665+05:30,1.39.35.229,"Mozilla/5.0 (Linux; Android 4.4.2; HTC Desire 620G dual sim Build/KOT49H) AppleWebKit/537.36 (KHTML, like Gecko) Version/4.0 Chrome/30.0.0.0 Mobile Safari/537.36"
16,2015-07-22T22:04:48.486+05:30,1.39.35.229,"Mozilla/5.0 (Linux; Android 4.4.2; HTC Desire 620G dual sim Build/KOT49H) AppleWebKit/537.36 (KHTML, like Gecko) Version/4.0 Chrome/30.0.0.0 Mobile Safari/537.36"
16,2015-07-22T22:04:54.419+05:30,1.39.35.229,"Mozilla/5.0 (Linux; Android 4.4.2; HTC Desire 620G dual sim Build/KOT49H) AppleWebKit/537.36 (KHTML, like Gecko) Version/4.0 Chrome/30.0.0.0 Mobile Safari/537.36"
16,2015-07-22T22:04:56.244+05:30,1.39.35.229,"Mozilla/5.0 (Linux; Android 4.4.2; HTC Desire 620G dual sim Build/KOT49H) AppleWebKit/537.36 (KHTML, like Gecko) Version/4.0 Chrome/30.0.0.0 Mobile Safari/537.36"
16,2015-07-22T22:04:57.968+05:30,1.39.35.229,"Mozilla/5.0 (Linux; Android 4.4.2; HTC Desire 620G dual sim Build/KOT49H) AppleWebKit/537.36 (KHTML, like Gecko) Version/4.0 Chrome/30.0.0.0 Mobile Safari/537.36"
16,2015-07-22T22:05:06.535+05:30,1.39.35.229,"Mozilla/5.0 (Linux; Android 4.4.2; HTC Desire 620G dual sim Build/KOT49H) AppleWebKit/537.36 (KHTML, like Gecko) Version/4.0 Chrome/30.0.0.0 Mobile Safari/537.36"
16,2015-07-22T22:05:58.726+05:30,1.39.35.229,"Mozilla/5.0 (Linux; Android 4.4.2; HTC Desire 620G dual sim Build/KOT49H) AppleWebKit/537.36 (KHTML, like Gecko) Version/4.0 Chrome/30.0.0.0 Mobile Safari/537.36"
16,2015-07-22T22:06:18.929+05:30,1.39.35.229,"Mozilla/5.0 (Linux; Android 4.4.2; HTC Desire 620G dual sim Build/KOT49H) AppleWebKit/537.36 (KHTML, like Gecko) Version/4.0 Chrome/30.0.0.0 Mobile Safari/537.36"
16,2015-07-22T22:07:25.846+05:30,1.39.35.229,"Mozilla/5.0 (Linux; Android 4.4.2; HTC Desire 620G dual sim Build/KOT49H) AppleWebKit/537.36 (KHTML, like Gecko) Version/4.0 Chrome/30.0.0.0 Mobile Safari/537.36"
16,2015-07-22T22:08:06.917+05:30,1.39.35.229,"Mozilla/5.0 (Linux; Android 4.4.2; HTC Desire 620G dual sim Build/KOT49H) AppleWebKit/537.36 (KHTML, like Gecko) Version/4.0 Chrome/30.0.0.0 Mobile Safari/537.36"
16,2015-07-22T22:08:16.119+05:30,1.39.35.229,"Mozilla/5.0 (Linux; Android 4.4.2; HTC Desire 620G dual sim Build/KOT49H) AppleWebKit/537.36 (KHTML, like Gecko) Version/4.0 Chrome/30.0.0.0 Mobile Safari/537.36"
16,2015-07-22T22:08:36.323+05:30,1.39.35.229,"Mozilla/5.0 (Linux; Android 4.4.2; HTC Desire 620G dual sim Build/KOT49H) AppleWebKit/537.36 (KHTML, like Gecko) Version/4.0 Chrome/30.0.0.0 Mobile Safari/537.36"
16,2015-07-22T22:08:46.164+05:30,1.39.35.229,"Mozilla/5.0 (Linux; Android 4.4.2; HTC Desire 620G dual sim Build/KOT49H) AppleWebKit/537.36 (KHTML, like Gecko) Version/4.0 Chrome/30.0.0.0 Mobile Safari/537.36"
16,2015-07-22T22:08:55.739+05:30,1.39.35.229,"Mozilla/5.0 (Linux; Android 4.4.2; HTC Desire 620G dual sim Build/KOT49H) AppleWebKit/537.36 (KHTML, like Gecko) Version/4.0 Chrome/30.0.0.0 Mobile Safari/537.36"
17,2015-07-22T10:48:08.184+05:30,1.39.35.242,"Mozilla/5.0 (iPhone; CPU iPhone OS 6_1_3 like Mac OS X) AppleWebKit/536.26 (KHTML, like Gecko) Version/6.0 Mobile/10B329 Safari/8536.25"
18,2015-07-22T21:50:42.951+05:30,1.39.40.34,"Mozilla/5.0 (Linux; Android 4.4.4; en-gb; SAMSUNG GT-I9300I Build/KTU84P) AppleWebKit/537.36 (KHTML, like Gecko) Version/1.5 Chrome/28.0.1500.94 Mobile Safari/537.36"
19,2015-07-22T22:14:48.624+05:30,1.39.60.10,"Mozilla/5.0 (Linux; U; Android 4.4.4; en-US; Che1-L04 Build/Che1-L04) AppleWebKit/534.30 (KHTML, like Gecko) Version/4.0 UCBrowser/10.5.2.582 U3/0.8.0 Mobile Safari/534.30"
20,2015-07-22T23:18:45.702+05:30,1.39.60.67,"Mozilla/5.0 (Linux; Android 4.2.2; C2104 Build/15.3.A.1.17) AppleWebKit/537.36 (KHTML, like Gecko) Chrome/42.0.2311.108 Mobile Safari/537.36"
20,2015-07-22T23:19:04.658+05:30,1.39.60.67,"Mozilla/5.0 (Linux; Android 4.2.2; C2104 Build/15.3.A.1.17) AppleWebKit/537.36 (KHTML, like Gecko) Chrome/42.0.2311.108 Mobile Safari/537.36"
20,2015-07-22T23:23:39.234+05:30,1.39.60.67,"Mozilla/5.0 (Linux; Android 4.2.2; C2104 Build/15.3.A.1.17) AppleWebKit/537.36 (KHTML, like Gecko) Chrome/42.0.2311.108 Mobile Safari/537.36"
21,2015-07-22T22:19:39.706+05:30,1.39.61.62,"Mozilla/5.0 (Linux; Android 4.4.2; ASUS_T00J Build/KVT49L) AppleWebKit/537.36 (KHTML, like Gecko) Chrome/43.0.2357.93 Mobile Safari/537.36"
21,2015-07-22T22:19:59.234+05:30,1.39.61.62,"Mozilla/5.0 (Linux; Android 4.4.2; ASUS_T00J Build/KVT49L) AppleWebKit/537.36 (KHTML, like Gecko) Chrome/43.0.2357.93 Mobile Safari/537.36"
21,2015-07-22T22:24:49.275+05:30,1.39.61.62,"Mozilla/5.0 (Linux; Android 4.4.2; ASUS_T00J Build/KVT49L) AppleWebKit/537.36 (KHTML, like Gecko) Chrome/43.0.2357.93 Mobile Safari/537.36"
22,2015-07-22T16:09:33.394+05:30,1.39.61.73,"Mozilla/5.0 (Linux; Android 4.4.2; Micromax A065 Build/KOT49H) AppleWebKit/537.36 (KHTML, like Gecko) Chrome/34.0.1847.114 Mobile Safari/537.36"
23,2015-07-22T16:19:15.798+05:30,1.39.61.95,"Mozilla/5.0 (Linux; U; Android 4.0.4; en-us; Micromax A91 Build/IMM76D) AppleWebKit/534.30 (KHTML, like Gecko) Version/4.0 Mobile Safari/534.30"
24,2015-07-22T16:29:37.991+05:30,1.39.61.95,"Mozilla/5.0 (Linux; U; Android 4.0.4; en-us; Micromax A91 Build/IMM76D) AppleWebKit/534.30 (KHTML, like Gecko) Version/4.0 Mobile Safari/534.30"
25,2015-07-22T23:17:10.218+05:30,1.39.62.240,"Mozilla/5.0 (Linux; U; Android 2.3.6; en-gb; GT-S5360 Build/GINGERBREAD) AppleWebKit/533.1 (KHTML, like Gecko) Version/4.0 Mobile Safari/533.1"
26,2015-07-22T23:26:36.432+05:30,1.39.62.240,"Mozilla/5.0 (Linux; U; Android 2.3.6; en-gb; GT-S5360 Build/GINGERBREAD) AppleWebKit/533.1 (KHTML, like Gecko) Version/4.0 Mobile Safari/533.1"
27,2015-07-22T23:20:55.600+05:30,1.39.62.86,"Mozilla/5.0 (Linux; U; Android 5.0.2; en-US; XT1068 Build/LXB22.46-28) AppleWebKit/534.30 (KHTML, like Gecko) Version/4.0 UCBrowser/10.4.1.565 U3/0.8.0 Mobile Safari/534.30"
28,2015-07-22T10:41:34.737+05:30,1.39.63.192,"Mozilla/5.0 (Linux; Android 4.2.2; SM-T111 Build/JDQ39) AppleWebKit/537.36 (KHTML, like Gecko) Chrome/43.0.2357.78 Safari/537.36 OPR/30.0.1856.92967"
28,2015-07-22T10:45:51.074+05:30,1.39.63.192,"Mozilla/5.0 (Linux; Android 4.2.2; SM-T111 Build/JDQ39) AppleWebKit/537.36 (KHTML, like Gecko) Chrome/43.0.2357.78 Safari/537.36 OPR/30.0.1856.92967"
28,2015-07-22T10:46:15.761+05:30,1.39.63.192,"Mozilla/5.0 (Linux; Android 4.2.2; SM-T111 Build/JDQ39) AppleWebKit/537.36 (KHTML, like Gecko) Chrome/43.0.2357.78 Safari/537.36 OPR/30.0.1856.92967"
28,2015-07-22T10:46:19.226+05:30,1.39.63.192,"Mozilla/5.0 (Linux; Android 4.2.2; SM-T111 Build/JDQ39) AppleWebKit/537.36 (KHTML, like Gecko) Chrome/43.0.2357.78 Safari/537.36 OPR/30.0.1856.92967"
28,2015-07-22T10:46:54.234+05:30,1.39.63.192,"Mozilla/5.0 (Linux; Android 4.2.2; SM-T111 Build/JDQ39) AppleWebKit/537.36 (KHTML, like Gecko) Chrome/43.0.2357.78 Safari/537.36 OPR/30.0.1856.92967"
28,2015-07-22T10:48:35.430+05:30,1.39.63.192,"Mozilla/5.0 (Linux; Android 4.2.2; SM-T111 Build/JDQ39) AppleWebKit/537.36 (KHTML, like Gecko) Chrome/43.0.2357.78 Safari/537.36 OPR/30.0.1856.92967"
28,2015-07-22T10:51:46.988+05:30,1.39.63.192,"Mozilla/5.0 (Linux; Android 4.2.2; SM-T111 Build/JDQ39) AppleWebKit/537.36 (KHTML, like Gecko) Chrome/43.0.2357.78 Safari/537.36 OPR/30.0.1856.92967"
28,2015-07-22T10:51:55.254+05:30,1.39.63.192,"Mozilla/5.0 (Linux; Android 4.2.2; SM-T111 Build/JDQ39) AppleWebKit/537.36 (KHTML, like Gecko) Chrome/43.0.2357.78 Safari/537.36 OPR/30.0.1856.92967"
28,2015-07-22T10:52:06.518+05:30,1.39.63.192,"Mozilla/5.0 (Linux; Android 4.2.2; SM-T111 Build/JDQ39) AppleWebKit/537.36 (KHTML, like Gecko) Chrome/43.0.2357.78 Safari/537.36 OPR/30.0.1856.92967"
28,2015-07-22T10:53:32.925+05:30,1.39.63.192,"Mozilla/5.0 (Linux; Android 4.2.2; SM-T111 Build/JDQ39) AppleWebKit/537.36 (KHTML, like Gecko) Chrome/43.0.2357.78 Safari/537.36 OPR/30.0.1856.92967"
28,2015-07-22T10:53:56.983+05:30,1.39.63.192,"Mozilla/5.0 (Linux; Android 4.2.2; SM-T111 Build/JDQ39) AppleWebKit/537.36 (KHTML, like Gecko) Chrome/43.0.2357.78 Safari/537.36 OPR/30.0.1856.92967"
28,2015-07-22T10:55:39.246+05:30,1.39.63.192,"Mozilla/5.0 (Linux; Android 4.2.2; SM-T111 Build/JDQ39) AppleWebKit/537.36 (KHTML, like Gecko) Chrome/43.0.2357.78 Safari/537.36 OPR/30.0.1856.92967"
29,2015-07-22T22:06:11.147+05:30,1.39.63.64,"Mozilla/5.0 (Windows NT 6.3) AppleWebKit/537.36 (KHTML, like Gecko) Chrome/43.0.2357.134 Safari/537.36"
30,2015-07-22T23:36:12.125+05:30,1.39.8.193,"Mozilla/5.0 (iPad; CPU OS 8_4 like Mac OS X) AppleWebKit/600.1.4 (KHTML, like Gecko) CriOS/43.0.2357.61 Mobile/12H143 Safari/600.1.4"
30,2015-07-22T23:39:47.217+05:30,1.39.8.193,"Mozilla/5.0 (iPad; CPU OS 8_4 like Mac OS X) AppleWebKit/600.1.4 (KHTML, like Gecko) CriOS/43.0.2357.61 Mobile/12H143 Safari/600.1.4"
30,2015-07-22T23:43:47.148+05:30,1.39.8.193,"Mozilla/5.0 (iPad; CPU OS 8_4 like Mac OS X) AppleWebKit/600.1.4 (KHTML, like Gecko) CriOS/43.0.2357.61 Mobile/12H143 Safari/600.1.4"
30,2015-07-22T23:44:34.121+05:30,1.39.8.193,"Mozilla/5.0 (iPad; CPU OS 8_4 like Mac OS X) AppleWebKit/600.1.4 (KHTML, like Gecko) CriOS/43.0.2357.61 Mobile/12H143 Safari/600.1.4"
30,2015-07-22T23:45:23.121+05:30,1.39.8.193,"Mozilla/5.0 (iPad; CPU OS 8_4 like Mac OS X) AppleWebKit/600.1.4 (KHTML, like Gecko) CriOS/43.0.2357.61 Mobile/12H143 Safari/600.1.4"
30,2015-07-22T23:46:07.822+05:30,1.39.8.193,"Mozilla/5.0 (iPad; CPU OS 8_4 like Mac OS X) AppleWebKit/600.1.4 (KHTML, like Gecko) CriOS/43.0.2357.61 Mobile/12H143 Safari/600.1.4"
31,2015-07-22T21:57:10.278+05:30,1.39.9.210,"Mozilla/5.0 (Linux; Android 4.4.2; en-us; SAMSUNG SM-N750 Build/KOT49H) AppleWebKit/537.36 (KHTML, like Gecko) Version/1.5 Chrome/28.0.1500.94 Mobile Safari/537.36"
32,2015-07-22T22:06:44.102+05:30,1.39.9.210,"Mozilla/5.0 (Linux; Android 4.4.2; en-us; SAMSUNG SM-N750 Build/KOT49H) AppleWebKit/537.36 (KHTML, like Gecko) Version/1.5 Chrome/28.0.1500.94 Mobile Safari/537.36"
32,2015-07-22T22:08:23.549+05:30,1.39.9.210,"Mozilla/5.0 (Linux; Android 4.4.2; en-us; SAMSUNG SM-N750 Build/KOT49H) AppleWebKit/537.36 (KHTML, like Gecko) Version/1.5 Chrome/28.0.1500.94 Mobile Safari/537.36"
33,2015-07-22T22:04:24.834+05:30,1.39.96.212,"Mozilla/5.0 (Windows NT 6.1; WOW64) AppleWebKit/537.36 (KHTML, like Gecko) Chrome/43.0.2357.134 Safari/537.36"
33,2015-07-22T22:04:25.483+05:30,1.39.96.212,"Mozilla/5.0 (Windows NT 6.1; WOW64) AppleWebKit/537.36 (KHTML, like Gecko) Chrome/43.0.2357.134 Safari/537.36"
34,2015-07-22T22:13:06.166+05:30,1.39.96.42,"Mozilla/5.0 (Linux; Android 4.4.2; Micromax A108 Build/KOT49H) AppleWebKit/537.36 (KHTML, like Gecko) Version/4.0 Chrome/30.0.0.0 Mobile Safari/537.36"
34,2015-07-22T22:14:42.776+05:30,1.39.96.42,"Mozilla/5.0 (Linux; Android 4.4.2; Micromax A108 Build/KOT49H) AppleWebKit/537.36 (KHTML, like Gecko) Version/4.0 Chrome/30.0.0.0 Mobile Safari/537.36"
34,2015-07-22T22:14:51.931+05:30,1.39.96.42,"Mozilla/5.0 (Linux; Android 4.4.2; Micromax A108 Build/KOT49H) AppleWebKit/537.36 (KHTML, like Gecko) Version/4.0 Chrome/30.0.0.0 Mobile Safari/537.36"
34,2015-07-22T22:15:03.254+05:30,1.39.96.42,"Mozilla/5.0 (Linux; Android 4.4.2; Micromax A108 Build/KOT49H) AppleWebKit/537.36 (KHTML, like Gecko) Version/4.0 Chrome/30.0.0.0 Mobile Safari/537.36"
34,2015-07-22T22:15:23.025+05:30,1.39.96.42,"Mozilla/5.0 (Linux; Android 4.4.2; Micromax A108 Build/KOT49H) AppleWebKit/537.36 (KHTML, like Gecko) Version/4.0 Chrome/30.0.0.0 Mobile Safari/537.36"
34,2015-07-22T22:15:33.373+05:30,1.39.96.42,"Mozilla/5.0 (Linux; Android 4.4.2; Micromax A108 Build/KOT49H) AppleWebKit/537.36 (KHTML, like Gecko) Version/4.0 Chrome/30.0.0.0 Mobile Safari/537.36"
34,2015-07-22T22:15:52.688+05:30,1.39.96.42,"Mozilla/5.0 (Linux; Android 4.4.2; Micromax A108 Build/KOT49H) AppleWebKit/537.36 (KHTML, like Gecko) Version/4.0 Chrome/30.0.0.0 Mobile Safari/537.36"
34,2015-07-22T22:16:01.754+05:30,1.39.96.42,"Mozilla/5.0 (Linux; Android 4.4.2; Micromax A108 Build/KOT49H) AppleWebKit/537.36 (KHTML, like Gecko) Version/4.0 Chrome/30.0.0.0 Mobile Safari/537.36"
34,2015-07-22T22:16:02.745+05:30,1.39.96.42,"Mozilla/5.0 (Linux; Android 4.4.2; Micromax A108 Build/KOT49H) AppleWebKit/537.36 (KHTML, like Gecko) Version/4.0 Chrome/30.0.0.0 Mobile Safari/537.36"
34,2015-07-22T22:17:24.089+05:30,1.39.96.42,"Mozilla/5.0 (Linux; Android 4.4.2; Micromax A108 Build/KOT49H) AppleWebKit/537.36 (KHTML, like Gecko) Version/4.0 Chrome/30.0.0.0 Mobile Safari/537.36"
35,2015-07-22T22:17:24.190+05:30,1.39.96.42,"Mozilla/5.0 (Linux; Android 4.4.2; Micromax A108 Build/KOT49H) AppleWebKit/537.36 (KHTML, like Gecko) Version/4.0 Chrome/30.0.0.0 Mobile Safari/537.36"
35,2015-07-22T22:18:32.549+05:30,1.39.96.42,"Mozilla/5.0 (Linux; Android 4.4.2; Micromax A108 Build/KOT49H) AppleWebKit/537.36 (KHTML, like Gecko) Version/4.0 Chrome/30.0.0.0 Mobile Safari/537.36"
35,2015-07-22T22:19:17.071+05:30,1.39.96.42,"Mozilla/5.0 (Linux; Android 4.4.2; Micromax A108 Build/KOT49H) AppleWebKit/537.36 (KHTML, like Gecko) Version/4.0 Chrome/30.0.0.0 Mobile Safari/537.36"
35,2015-07-22T22:21:53.452+05:30,1.39.96.42,"Mozilla/5.0 (Linux; Android 4.4.2; Micromax A108 Build/KOT49H) AppleWebKit/537.36 (KHTML, like Gecko) Version/4.0 Chrome/30.0.0.0 Mobile Safari/537.36"
35,2015-07-22T22:22:08.738+05:30,1.39.96.42,"Mozilla/5.0 (Linux; Android 4.4.2; Micromax A108 Build/KOT49H) AppleWebKit/537.36 (KHTML, like Gecko) Version/4.0 Chrome/30.0.0.0 Mobile Safari/537.36"
35,2015-07-22T22:22:23.737+05:30,1.39.96.42,"Mozilla/5.0 (Linux; Android 4.4.2; Micromax A108 Build/KOT49H) AppleWebKit/537.36 (KHTML, like Gecko) Version/4.0 Chrome/30.0.0.0 Mobile Safari/537.36"
35,2015-07-22T22:23:19.339+05:30,1.39.96.42,"Mozilla/5.0 (Linux; Android 4.4.2; Micromax A108 Build/KOT49H) AppleWebKit/537.36 (KHTML, like Gecko) Version/4.0 Chrome/30.0.0.0 Mobile Safari/537.36"
35,2015-07-22T22:23:38.894+05:30,1.39.96.42,"Mozilla/5.0 (Linux; Android 4.4.2; Micromax A108 Build/KOT49H) AppleWebKit/537.36 (KHTML, like Gecko) Version/4.0 Chrome/30.0.0.0 Mobile Safari/537.36"
35,2015-07-22T22:26:11.274+05:30,1.39.96.42,"Mozilla/5.0 (Linux; Android 4.4.2; Micromax A108 Build/KOT49H) AppleWebKit/537.36 (KHTML, like Gecko) Version/4.0 Chrome/30.0.0.0 Mobile Safari/537.36"
35,2015-07-22T22:27:13.190+05:30,1.39.96.42,"Mozilla/5.0 (Linux; Android 4.4.2; Micromax A108 Build/KOT49H) AppleWebKit/537.36 (KHTML, like Gecko) Version/4.0 Chrome/30.0.0.0 Mobile Safari/537.36"
35,2015-07-22T22:29:02.501+05:30,1.39.96.42,"Mozilla/5.0 (Linux; Android 4.4.2; Micromax A108 Build/KOT49H) AppleWebKit/537.36 (KHTML, like Gecko) Version/4.0 Chrome/30.0.0.0 Mobile Safari/537.36"
36,2015-07-22T23:14:46.293+05:30,1.39.97.44,"Mozilla/5.0 (Windows NT 6.3; WOW64) AppleWebKit/537.36 (KHTML, like Gecko) Chrome/43.0.2357.134 Safari/537.36"
37,2015-07-22T23:22:26.328+05:30,1.39.97.44,"Mozilla/5.0 (Windows NT 6.3; WOW64) AppleWebKit/537.36 (KHTML, like Gecko) Chrome/43.0.2357.134 Safari/537.36"
37,2015-07-22T23:23:40.833+05:30,1.39.97.44,"Mozilla/5.0 (Windows NT 6.3; WOW64) AppleWebKit/537.36 (KHTML, like Gecko) Chrome/43.0.2357.134 Safari/537.36"
38,2015-07-22T10:42:14.171+05:30,101.210.255.231,SAMSUNG-GT-S3770K/S3770KDDLF2 NetFront/4.1 Profile/MIDP-2.0 Configuration/CLDC-1.1
38,2015-07-22T10:43:51.711+05:30,101.210.255.231,SAMSUNG-GT-S3770K/S3770KDDLF2 NetFront/4.1 Profile/MIDP-2.0 Configuration/CLDC-1.1
38,2015-07-22T10:43:54.237+05:30,101.210.255.231,SAMSUNG-GT-S3770K/S3770KDDLF2 NetFront/4.1 Profile/MIDP-2.0 Configuration/CLDC-1.1
38,2015-07-22T10:44:48.382+05:30,101.210.255.231,SAMSUNG-GT-S3770K/S3770KDDLF2 NetFront/4.1 Profile/MIDP-2.0 Configuration/CLDC-1.1
38,2015-07-22T10:44:56.994+05:30,101.210.255.231,SAMSUNG-GT-S3770K/S3770KDDLF2 NetFront/4.1 Profile/MIDP-2.0 Configuration/CLDC-1.1
38,2015-07-22T10:49:33.039+05:30,101.210.255.231,SAMSUNG-GT-S3770K/S3770KDDLF2 NetFront/4.1 Profile/MIDP-2.0 Configuration/CLDC-1.1
38,2015-07-22T10:53:39.324+05:30,101.210.255.231,SAMSUNG-GT-S3770K/S3770KDDLF2 NetFront/4.1 Profile/MIDP-2.0 Configuration/CLDC-1.1
38,2015-07-22T10:54:26.135+05:30,101.210.255.231,SAMSUNG-GT-S3770K/S3770KDDLF2 NetFront/4.1 Profile/MIDP-2.0 Configuration/CLDC-1.1
39,2015-07-22T21:45:20.771+05:30,101.212.72.139,"Mozilla/5.0 (Linux; Android 4.0.4; GT-S7562 Build/IMM76I) AppleWebKit/537.36 (KHTML, like Gecko) Chrome/42.0.2311.111 Mobile Safari/537.36"
39,2015-07-22T21:47:48.211+05:30,101.212.72.139,"Mozilla/5.0 (Linux; Android 4.0.4; GT-S7562 Build/IMM76I) AppleWebKit/537.36 (KHTML, like Gecko) Chrome/42.0.2311.111 Mobile Safari/537.36"
40,2015-07-22T21:54:28.035+05:30,101.212.72.139,"Mozilla/5.0 (Linux; Android 4.0.4; GT-S7562 Build/IMM76I) AppleWebKit/537.36 (KHTML, like Gecko) Chrome/42.0.2311.111 Mobile Safari/537.36"
40,2015-07-22T21:55:24.471+05:30,101.212.72.139,"Mozilla/5.0 (Linux; Android 4.0.4; GT-S7562 Build/IMM76I) AppleWebKit/537.36 (KHTML, like Gecko) Chrome/42.0.2311.111 Mobile Safari/537.36"
41,2015-07-22T10:54:02.154+05:30,101.216.252.51,"Mozilla/5.0 (Linux; Android 4.2.2; MTV SLATE Build/JDQ39) AppleWebKit/537.36 (KHTML, like Gecko) Chrome/40.0.2214.109 Safari/537.36"
42,2015-07-22T23:16:28.620+05:30,101.222.164.22,"Mozilla/5.0 (Linux; U; Android 5.0; en-US; Micromax A106 Build/LRX21M) AppleWebKit/534.30 (KHTML, like Gecko) Version/4.0 UCBrowser/10.5.2.582 U3/0.8.0 Mobile Safari/534.30"
42,2015-07-22T23:17:38.901+05:30,101.222.164.22,"Mozilla/5.0 (Linux; U; Android 5.0; en-US; Micromax A106 Build/LRX21M) AppleWebKit/534.30 (KHTML, like Gecko) Version/4.0 UCBrowser/10.5.2.582 U3/0.8.0 Mobile Safari/534.30"
43,2015-07-22T21:59:17.689+05:30,101.222.233.27,Mozilla/5.0 (Windows NT 6.1; WOW64; rv:37.0) Gecko/20100101 Firefox/37.0
44,2015-07-22T22:14:29.786+05:30,101.222.238.202,"Mozilla/5.0 (Linux; U; Android 4.4.2; en-US; SM-G7102 Build/KOT49H) AppleWebKit/534.30 (KHTML, like Gecko) Version/4.0 UCBrowser/10.3.0.552 U3/0.8.0 Mobile Safari/534.30"
44,2015-07-22T22:16:24.031+05:30,101.222.238.202,"Mozilla/5.0 (Linux; U; Android 4.4.2; en-US; SM-G7102 Build/KOT49H) AppleWebKit/534.30 (KHTML, like Gecko) Version/4.0 UCBrowser/10.3.0.552 U3/0.8.0 Mobile Safari/534.30"
44,2015-07-22T22:19:07.911+05:30,101.222.238.202,"Mozilla/5.0 (Linux; U; Android 4.4.2; en-US; SM-G7102 Build/KOT49H) AppleWebKit/534.30 (KHTML, like Gecko) Version/4.0 UCBrowser/10.3.0.552 U3/0.8.0 Mobile Safari/534.30"
44,2015-07-22T22:21:42.367+05:30,101.222.238.202,"Mozilla/5.0 (Linux; U; Android 4.4.2; en-US; SM-G7102 Build/KOT49H) AppleWebKit/534.30 (KHTML, like Gecko) Version/4.0 UCBrowser/10.3.0.552 U3/0.8.0 Mobile Safari/534.30"
44,2015-07-22T22:26:42.227+05:30,101.222.238.202,"Mozilla/5.0 (Linux; U; Android 4.4.2; en-US; SM-G7102 Build/KOT49H) AppleWebKit/534.30 (KHTML, like Gecko) Version/4.0 UCBrowser/10.3.0.552 U3/0.8.0 Mobile Safari/534.30"
45,2015-07-22T21:53:46.639+05:30,101.57.125.153,"Mozilla/5.0 (Linux; Android 5.0.2; D6502 Build/23.1.A.1.28) AppleWebKit/537.36 (KHTML, like Gecko) Chrome/43.0.2357.93 Mobile Safari/537.36"
46,2015-07-22T14:37:14.214+05:30,101.57.202.210,"Mozilla/5.0 (Windows NT 6.1) AppleWebKit/537.4 (KHTML, like Gecko) Chrome/22.0.1229.26 Safari/537.4"
47,2015-07-22T22:12:42.394+05:30,101.59.211.60,"Mozilla/5.0 (Windows NT 6.1) AppleWebKit/537.36 (KHTML, like Gecko) Chrome/45.0.2454.12 Safari/537.36"
47,2015-07-22T22:14:38.137+05:30,101.59.211.60,"Mozilla/5.0 (Windows NT 6.1) AppleWebKit/537.36 (KHTML, like Gecko) Chrome/45.0.2454.12 Safari/537.36"
48,2015-07-22T22:21:49.443+05:30,101.59.211.60,"Mozilla/5.0 (Windows NT 6.1) AppleWebKit/537.36 (KHTML, like Gecko) Chrome/45.0.2454.12 Safari/537.36"
48,2015-07-22T22:22:17.699+05:30,101.59.211.60,"Mozilla/5.0 (Windows NT 6.1) AppleWebKit/537.36 (KHTML, like Gecko) Chrome/45.0.2454.12 Safari/537.36"
48,2015-07-22T22:27:05.201+05:30,101.59.211.60,"Mozilla/5.0 (Windows NT 6.1) AppleWebKit/537.36 (KHTML, like Gecko) Chrome/45.0.2454.12 Safari/537.36"
49,2015-07-22T21:43:28.260+05:30,101.60.223.89,"Mozilla/5.0 (Linux; Tizen 2.3; SAMSUNG SM-Z130H) AppleWebKit/537.3 (KHTML, like Gecko) Version/2.3 Mobile Safari/537.3"
49,2015-07-22T21:44:24.903+05:30,101.60.223.89,"Mozilla/5.0 (Linux; Tizen 2.3; SAMSUNG SM-Z130H) AppleWebKit/537.3 (KHTML, like Gecko) Version/2.3 Mobile Safari/537.3"
49,2015-07-22T21:44:25.896+05:30,101.60.223.89,"Mozilla/5.0 (Linux; Tizen 2.3; SAMSUNG SM-Z130H) AppleWebKit/537.3 (KHTML, like Gecko) Version/2.3 Mobile Safari/537.3"
49,2015-07-22T21:45:08.016+05:30,101.60.223.89,"Mozilla/5.0 (Linux; Tizen 2.3; SAMSUNG SM-Z130H) AppleWebKit/537.3 (KHTML, like Gecko) Version/2.3 Mobile Safari/537.3"
49,2015-07-22T21:46:39.450+05:30,101.60.223.89,"Mozilla/5.0 (Linux; Tizen 2.3; SAMSUNG SM-Z130H) AppleWebKit/537.3 (KHTML, like Gecko) Version/2.3 Mobile Safari/537.3"
49,2015-07-22T21:49:51.792+05:30,101.60.223.89,"Mozilla/5.0 (Linux; Tizen 2.3; SAMSUNG SM-Z130H) AppleWebKit/537.3 (KHTML, like Gecko) Version/2.3 Mobile Safari/537.3"
49,2015-07-22T21:53:17.225+05:30,101.60.223.89,"Mozilla/5.0 (Linux; Tizen 2.3; SAMSUNG SM-Z130H) AppleWebKit/537.3 (KHTML, like Gecko) Version/2.3 Mobile Safari/537.3"
49,2015-07-22T21:56:24.133+05:30,101.60.223.89,"Mozilla/5.0 (Linux; Tizen 2.3; SAMSUNG SM-Z130H) AppleWebKit/537.3 (KHTML, like Gecko) Version/2.3 Mobile Safari/537.3"
50,2015-07-22T23:16:29.398+05:30,101.62.128.133,Mozilla/5.0 (Windows NT 6.1; WOW64; rv:34.0) Gecko/20100101 Firefox/34.0
50,2015-07-22T23:17:08.450+05:30,101.62.128.133,Mozilla/5.0 (Windows NT 6.1; WOW64; rv:34.0) Gecko/20100101 Firefox/34.0
50,2015-07-22T23:17:55.546+05:30,101.62.128.133,Mozilla/5.0 (Windows NT 6.1; WOW64; rv:34.0) Gecko/20100101 Firefox/34.0
50,2015-07-22T23:18:45.785+05:30,101.62.128.133,Mozilla/5.0 (Windows NT 6.1; WOW64; rv:34.0) Gecko/20100101 Firefox/34.0
50,2015-07-22T23:18:47.774+05:30,101.62.128.133,Mozilla/5.0 (Windows NT 6.1; WOW64; rv:34.0) Gecko/20100101 Firefox/34.0
50,2015-07-22T23:19:11.013+05:30,101.62.128.133,Mozilla/5.0 (Windows NT 6.1; WOW64; rv:34.0) Gecko/20100101 Firefox/34.0
50,2015-07-22T23:19:22.460+05:30,101.62.128.133,Mozilla/5.0 (Windows NT 6.1; WOW64; rv:34.0) Gecko/20100101 Firefox/34.0
51,2015-07-22T23:27:18.439+05:30,101.62.128.133,Mozilla/5.0 (Windows NT 6.1; WOW64; rv:34.0) Gecko/20100101 Firefox/34.0
51,2015-07-22T23:27:27.973+05:30,101.62.128.133,Mozilla/5.0 (Windows NT 6.1; WOW64; rv:34.0) Gecko/20100101 Firefox/34.0
52,2015-07-22T22:12:10.495+05:30,101.62.167.150,"Mozilla/5.0 (Windows NT 6.2; WOW64) AppleWebKit/537.36 (KHTML, like Gecko) Chrome/43.0.2357.134 Safari/537.36"
52,2015-07-22T22:14:05.211+05:30,101.62.167.150,"Mozilla/5.0 (Windows NT 6.2; WOW64) AppleWebKit/537.36 (KHTML, like Gecko) Chrome/43.0.2357.134 Safari/537.36"
53,2015-07-22T22:19:08.011+05:30,101.62.167.150,"Mozilla/5.0 (Windows NT 6.2; WOW64) AppleWebKit/537.36 (KHTML, like Gecko) Chrome/43.0.2357.134 Safari/537.36"
53,2015-07-22T22:19:15.328+05:30,101.62.167.150,"Mozilla/5.0 (Windows NT 6.2; WOW64) AppleWebKit/537.36 (KHTML, like Gecko) Chrome/43.0.2357.134 Safari/537.36"
53,2015-07-22T22:22:36.724+05:30,101.62.167.150,"Mozilla/5.0 (Windows NT 6.2; WOW64) AppleWebKit/537.36 (KHTML, like Gecko) Chrome/43.0.2357.134 Safari/537.36"
53,2015-07-22T22:23:06.315+05:30,101.62.167.150,"Mozilla/5.0 (Windows NT 6.2; WOW64) AppleWebKit/537.36 (KHTML, like Gecko) Chrome/43.0.2357.134 Safari/537.36"
53,2015-07-22T22:24:29.643+05:30,101.62.167.150,"Mozilla/5.0 (Windows NT 6.2; WOW64) AppleWebKit/537.36 (KHTML, like Gecko) Chrome/43.0.2357.134 Safari/537.36"
53,2015-07-22T22:24:57.114+05:30,101.62.167.150,"Mozilla/5.0 (Windows NT 6.2; WOW64) AppleWebKit/537.36 (KHTML, like Gecko) Chrome/43.0.2357.134 Safari/537.36"
53,2015-07-22T22:25:13.064+05:30,101.62.167.150,"Mozilla/5.0 (Windows NT 6.2; WOW64) AppleWebKit/537.36 (KHTML, like Gecko) Chrome/43.0.2357.134 Safari/537.36"
54,2015-07-22T16:07:09.011+05:30,101.63.150.142,"Mozilla/5.0 (Windows NT 6.1) AppleWebKit/537.36 (KHTML, like Gecko) Chrome/43.0.2357.134 Safari/537.36"
54,2015-07-22T16:07:12.910+05:30,101.63.150.142,"Mozilla/5.0 (Windows NT 6.1) AppleWebKit/537.36 (KHTML, like Gecko) Chrome/43.0.2357.134 Safari/537.36"
54,2015-07-22T16:10:20.180+05:30,101.63.150.142,"Mozilla/5.0 (Windows NT 6.1) AppleWebKit/537.36 (KHTML, like Gecko) Chrome/43.0.2357.134 Safari/537.36"
54,2015-07-22T16:11:33.546+05:30,101.63.150.142,"Mozilla/5.0 (Windows NT 6.1) AppleWebKit/537.36 (KHTML, like Gecko) Chrome/43.0.2357.134 Safari/537.36"
54,2015-07-22T16:11:38.239+05:30,101.63.150.142,"Mozilla/5.0 (Windows NT 6.1) AppleWebKit/537.36 (KHTML, like Gecko) Chrome/43.0.2357.134 Safari/537.36"
54,2015-07-22T16:12:06.636+05:30,101.63.150.142,"Mozilla/5.0 (Windows NT 6.1) AppleWebKit/537.36 (KHTML, like Gecko) Chrome/43.0.2357.134 Safari/537.36"
54,2015-07-22T16:12:08.587+05:30,101.63.150.142,"Mozilla/5.0 (Windows NT 6.1) AppleWebKit/537.36 (KHTML, like Gecko) Chrome/43.0.2357.134 Safari/537.36"
54,2015-07-22T16:14:11.458+05:30,101.63.150.142,"Mozilla/5.0 (Windows NT 6.1) AppleWebKit/537.36 (KHTML, like Gecko) Chrome/43.0.2357.134 Safari/537.36"
54,2015-07-22T16:14:31.011+05:30,101.63.150.142,"Mozilla/5.0 (Windows NT 6.1) AppleWebKit/537.36 (KHTML, like Gecko) Chrome/43.0.2357.134 Safari/537.36"
54,2015-07-22T16:15:12.066+05:30,101.63.150.142,"Mozilla/5.0 (Windows NT 6.1) AppleWebKit/537.36 (KHTML, like Gecko) Chrome/43.0.2357.134 Safari/537.36"
54,2015-07-22T16:15:35.663+05:30,101.63.150.142,"Mozilla/5.0 (Windows NT 6.1) AppleWebKit/537.36 (KHTML, like Gecko) Chrome/43.0.2357.134 Safari/537.36"
54,2015-07-22T16:16:21.137+05:30,101.63.150.142,"Mozilla/5.0 (Windows NT 6.1) AppleWebKit/537.36 (KHTML, like Gecko) Chrome/43.0.2357.134 Safari/537.36"
54,2015-07-22T16:19:10.836+05:30,101.63.150.142,"Mozilla/5.0 (Windows NT 6.1) AppleWebKit/537.36 (KHTML, like Gecko) Chrome/43.0.2357.134 Safari/537.36"
54,2015-07-22T16:20:55.557+05:30,101.63.150.142,"Mozilla/5.0 (Windows NT 6.1) AppleWebKit/537.36 (KHTML, like Gecko) Chrome/43.0.2357.134 Safari/537.36"
54,2015-07-22T16:23:17.705+05:30,101.63.150.142,"Mozilla/5.0 (Windows NT 6.1) AppleWebKit/537.36 (KHTML, like Gecko) Chrome/43.0.2357.134 Safari/537.36"
54,2015-07-22T16:24:21.239+05:30,101.63.150.142,"Mozilla/5.0 (Windows NT 6.1) AppleWebKit/537.36 (KHTML, like Gecko) Chrome/43.0.2357.134 Safari/537.36"
55,2015-07-22T21:47:40.293+05:30,101.63.225.24,"Mozilla/5.0 (Windows NT 6.1) AppleWebKit/537.36 (KHTML, like Gecko) Chrome/43.0.2357.134 Safari/537.36"
55,2015-07-22T21:50:46.559+05:30,101.63.225.24,"Mozilla/5.0 (Windows NT 6.1) AppleWebKit/537.36 (KHTML, like Gecko) Chrome/43.0.2357.134 Safari/537.36"
55,2015-07-22T21:51:44.176+05:30,101.63.225.24,"Mozilla/5.0 (Windows NT 6.1) AppleWebKit/537.36 (KHTML, like Gecko) Chrome/43.0.2357.134 Safari/537.36"
56,2015-07-22T22:03:04.099+05:30,101.63.225.24,"Mozilla/5.0 (Windows NT 6.1) AppleWebKit/537.36 (KHTML, like Gecko) Chrome/43.0.2357.134 Safari/537.36"
56,2015-07-22T22:04:43.035+05:30,101.63.225.24,"Mozilla/5.0 (Windows NT 6.1) AppleWebKit/537.36 (KHTML, like Gecko) Chrome/43.0.2357.134 Safari/537.36"
57,2015-07-22T16:38:01.456+05:30,103.15.81.3,"Mozilla/5.0 (Windows NT 6.1; WOW64) AppleWebKit/537.36 (KHTML, like Gecko) Chrome/43.0.2357.134 Safari/537.36"
58,2015-07-22T22:14:42.155+05:30,103.16.71.9,"Mozilla/5.0 (Linux; Android 4.4.2; 8x-1000 Build/KOT49H) AppleWebKit/537.36 (KHTML, like Gecko) Chrome/43.0.2357.93 Mobile Safari/537.36"
58,2015-07-22T22:18:52.273+05:30,103.16.71.9,"Mozilla/5.0 (Linux; Android 4.4.2; 8x-1000 Build/KOT49H) AppleWebKit/537.36 (KHTML, like Gecko) Chrome/43.0.2357.93 Mobile Safari/537.36"
59,2015-07-22T22:26:58.581+05:30,103.16.71.9,"Mozilla/5.0 (Linux; Android 4.4.2; 8x-1000 Build/KOT49H) AppleWebKit/537.36 (KHTML, like Gecko) Chrome/43.0.2357.93 Mobile Safari/537.36"
60,2015-07-22T22:12:52.238+05:30,103.17.130.231,"Mozilla/5.0 (Linux; Android 4.4.4; 2014818 Build/KTU84P) AppleWebKit/537.36 (KHTML, like Gecko) Chrome/43.0.2357.93 Mobile Safari/537.36"
60,2015-07-22T22:13:34.690+05:30,103.17.130.231,"Mozilla/5.0 (Linux; Android 4.4.4; 2014818 Build/KTU84P) AppleWebKit/537.36 (KHTML, like Gecko) Chrome/43.0.2357.93 Mobile Safari/537.36"
61,2015-07-22T22:19:33.048+05:30,103.17.130.231,"Mozilla/5.0 (Linux; Android 4.4.4; 2014818 Build/KTU84P) AppleWebKit/537.36 (KHTML, like Gecko) Chrome/43.0.2357.93 Mobile Safari/537.36"
62,2015-07-22T22:26:36.932+05:30,103.17.130.231,"Mozilla/5.0 (Linux; Android 4.4.4; 2014818 Build/KTU84P) AppleWebKit/537.36 (KHTML, like Gecko) Chrome/43.0.2357.93 Mobile Safari/537.36"
63,2015-07-22T16:05:05.462+05:30,103.22.172.162,Mozilla/5.0 (Windows NT 6.1; rv:39.0) Gecko/20100101 Firefox/39.0
63,2015-07-22T16:08:41.118+05:30,103.22.172.162,Mozilla/5.0 (Windows NT 6.1; rv:39.0) Gecko/20100101 Firefox/39.0
63,2015-07-22T16:10:18.113+05:30,103.22.172.162,Mozilla/5.0 (Windows NT 6.1; rv:39.0) Gecko/20100101 Firefox/39.0
63,2015-07-22T16:14:38.321+05:30,103.22.172.162,Mozilla/5.0 (Windows NT 6.1; rv:39.0) Gecko/20100101 Firefox/39.0
63,2015-07-22T16:15:36.232+05:30,103.22.172.162,Mozilla/5.0 (Windows NT 6.1; rv:39.0) Gecko/20100101 Firefox/39.0
63,2015-07-22T16:17:05.790+05:30,103.22.172.162,Mozilla/5.0 (Windows NT 6.1; rv:39.0) Gecko/20100101 Firefox/39.0
63,2015-07-22T16:18:36.487+05:30,103.22.172.162,Mozilla/5.0 (Windows NT 6.1; rv:39.0) Gecko/20100101 Firefox/39.0
64,2015-07-22T16:06:21.260+05:30,103.225.100.210,"Mozilla/5.0 (Windows NT 6.1; WOW64) AppleWebKit/537.36 (KHTML, like Gecko) Chrome/43.0.2357.130 Safari/537.36"
65,2015-07-22T16:20:40.448+05:30,103.225.100.210,"Mozilla/5.0 (Windows NT 6.1; WOW64) AppleWebKit/537.36 (KHTML, like Gecko) Chrome/43.0.2357.130 Safari/537.36"
66,2015-07-22T22:01:31.678+05:30,103.225.100.51,"Mozilla/5.0 (X11; Linux x86_64) AppleWebKit/537.36 (KHTML, like Gecko) Chrome/42.0.2311.90 Safari/537.36"
67,2015-07-22T14:45:49.994+05:30,103.228.113.84,Mozilla/4.0 (compatible; MSIE 8.0; Windows NT 5.1; Trident/4.0; InfoPath.2)
68,2015-07-22T16:13:57.062+05:30,103.228.115.57,"Mozilla/5.0 (Windows NT 6.1) AppleWebKit/537.36 (KHTML, like Gecko) Chrome/43.0.2357.134 Safari/537.36"
69,2015-07-22T16:24:00.966+05:30,103.228.40.203,"Mozilla/5.0 (Linux; Android 5.0; SAMSUNG SM-N900 Build/LRX21V) AppleWebKit/537.36 (KHTML, like Gecko) SamsungBrowser/2.1 Chrome/34.0.1847.76 Mobile Safari/537.36"
70,2015-07-22T16:29:07.394+05:30,103.228.40.203,"Mozilla/5.0 (Linux; Android 5.0; SAMSUNG SM-N900 Build/LRX21V) AppleWebKit/537.36 (KHTML, like Gecko) SamsungBrowser/2.1 Chrome/34.0.1847.76 Mobile Safari/537.36"
71,2015-07-22T16:32:44.169+05:30,103.228.44.152,"Mozilla/5.0 (Windows NT 5.1) AppleWebKit/537.36 (KHTML, like Gecko) Chrome/43.0.2357.134 Safari/537.36"
71,2015-07-22T16:32:55.189+05:30,103.228.44.152,"Mozilla/5.0 (Windows NT 5.1) AppleWebKit/537.36 (KHTML, like Gecko) Chrome/43.0.2357.134 Safari/537.36"
71,2015-07-22T16:33:13.672+05:30,103.228.44.152,"Mozilla/5.0 (Windows NT 5.1) AppleWebKit/537.36 (KHTML, like Gecko) Chrome/43.0.2357.134 Safari/537.36"
71,2015-07-22T16:34:39.500+05:30,103.228.44.152,"Mozilla/5.0 (Windows NT 5.1) AppleWebKit/537.36 (KHTML, like Gecko) Chrome/43.0.2357.134 Safari/537.36"
71,2015-07-22T16:34:59.139+05:30,103.228.44.152,"Mozilla/5.0 (Windows NT 5.1) AppleWebKit/537.36 (KHTML, like Gecko) Chrome/43.0.2357.134 Safari/537.36"
71,2015-07-22T16:35:33.875+05:30,103.228.44.152,"Mozilla/5.0 (Windows NT 5.1) AppleWebKit/537.36 (KHTML, like Gecko) Chrome/43.0.2357.134 Safari/537.36"
72,2015-07-22T16:40:57.251+05:30,103.228.44.152,"Mozilla/5.0 (Windows NT 5.1) AppleWebKit/537.36 (KHTML, like Gecko) Chrome/43.0.2357.134 Safari/537.36"
72,2015-07-22T16:41:52.695+05:30,103.228.44.152,"Mozilla/5.0 (Windows NT 5.1) AppleWebKit/537.36 (KHTML, like Gecko) Chrome/43.0.2357.134 Safari/537.36"
72,2015-07-22T16:42:34.721+05:30,103.228.44.152,"Mozilla/5.0 (Windows NT 5.1) AppleWebKit/537.36 (KHTML, like Gecko) Chrome/43.0.2357.134 Safari/537.36"
72,2015-07-22T16:43:42.519+05:30,103.228.44.152,"Mozilla/5.0 (Windows NT 5.1) AppleWebKit/537.36 (KHTML, like Gecko) Chrome/43.0.2357.134 Safari/537.36"
72,2015-07-22T16:43:54.803+05:30,103.228.44.152,"Mozilla/5.0 (Windows NT 5.1) AppleWebKit/537.36 (KHTML, like Gecko) Chrome/43.0.2357.134 Safari/537.36"
72,2015-07-22T16:44:01.840+05:30,103.228.44.152,"Mozilla/5.0 (Windows NT 5.1) AppleWebKit/537.36 (KHTML, like Gecko) Chrome/43.0.2357.134 Safari/537.36"
72,2015-07-22T16:44:35.875+05:30,103.228.44.152,"Mozilla/5.0 (Windows NT 5.1) AppleWebKit/537.36 (KHTML, like Gecko) Chrome/43.0.2357.134 Safari/537.36"
72,2015-07-22T16:44:40.360+05:30,103.228.44.152,"Mozilla/5.0 (Windows NT 5.1) AppleWebKit/537.36 (KHTML, like Gecko) Chrome/43.0.2357.134 Safari/537.36"
72,2015-07-22T16:44:48.464+05:30,103.228.44.152,"Mozilla/5.0 (Windows NT 5.1) AppleWebKit/537.36 (KHTML, like Gecko) Chrome/43.0.2357.134 Safari/537.36"
72,2015-07-22T16:47:45.481+05:30,103.228.44.152,"Mozilla/5.0 (Windows NT 5.1) AppleWebKit/537.36 (KHTML, like Gecko) Chrome/43.0.2357.134 Safari/537.36"
72,2015-07-22T16:48:12.099+05:30,103.228.44.152,"Mozilla/5.0 (Windows NT 5.1) AppleWebKit/537.36 (KHTML, like Gecko) Chrome/43.0.2357.134 Safari/537.36"
72,2015-07-22T16:48:26.900+05:30,103.228.44.152,"Mozilla/5.0 (Windows NT 5.1) AppleWebKit/537.36 (KHTML, like Gecko) Chrome/43.0.2357.134 Safari/537.36"
73,2015-07-22T21:52:20.273+05:30,103.229.78.113,"Mozilla/5.0 (Windows NT 6.1) AppleWebKit/537.36 (KHTML, like Gecko) Chrome/43.0.2357.134 Safari/537.36"
73,2015-07-22T21:54:22.591+05:30,103.229.78.113,"Mozilla/5.0 (Windows NT 6.1) AppleWebKit/537.36 (KHTML, like Gecko) Chrome/43.0.2357.134 Safari/537.36"
73,2015-07-22T21:58:07.767+05:30,103.229.78.113,"Mozilla/5.0 (Windows NT 6.1) AppleWebKit/537.36 (KHTML, like Gecko) Chrome/43.0.2357.134 Safari/537.36"
73,2015-07-22T22:01:13.025+05:30,103.229.78.113,"Mozilla/5.0 (Windows NT 6.1) AppleWebKit/537.36 (KHTML, like Gecko) Chrome/43.0.2357.134 Safari/537.36"
74,2015-07-22T22:01:13.091+05:30,103.229.78.113,"Mozilla/5.0 (Windows NT 6.1) AppleWebKit/537.36 (KHTML, like Gecko) Chrome/43.0.2357.134 Safari/537.36"
74,2015-07-22T22:01:30.885+05:30,103.229.78.113,"Mozilla/5.0 (Windows NT 6.1) AppleWebKit/537.36 (KHTML, like Gecko) Chrome/43.0.2357.134 Safari/537.36"
74,2015-07-22T22:03:45.462+05:30,103.229.78.113,"Mozilla/5.0 (Windows NT 6.1) AppleWebKit/537.36 (KHTML, like Gecko) Chrome/43.0.2357.134 Safari/537.36"
74,2015-07-22T22:03:49.858+05:30,103.229.78.113,"Mozilla/5.0 (Windows NT 6.1) AppleWebKit/537.36 (KHTML, like Gecko) Chrome/43.0.2357.134 Safari/537.36"
74,2015-07-22T22:03:51.208+05:30,103.229.78.113,"Mozilla/5.0 (Windows NT 6.1) AppleWebKit/537.36 (KHTML, like Gecko) Chrome/43.0.2357.134 Safari/537.36"
74,2015-07-22T22:04:31.211+05:30,103.229.78.113,"Mozilla/5.0 (Windows NT 6.1) AppleWebKit/537.36 (KHTML, like Gecko) Chrome/43.0.2357.134 Safari/537.36"
74,2015-07-22T22:04:37.591+05:30,103.229.78.113,"Mozilla/5.0 (Windows NT 6.1) AppleWebKit/537.36 (KHTML, like Gecko) Chrome/43.0.2357.134 Safari/537.36"
74,2015-07-22T22:05:15.379+05:30,103.229.78.113,"Mozilla/5.0 (Windows NT 6.1) AppleWebKit/537.36 (KHTML, like Gecko) Chrome/43.0.2357.134 Safari/537.36"
74,2015-07-22T22:05:44.526+05:30,103.229.78.113,"Mozilla/5.0 (Windows NT 6.1) AppleWebKit/537.36 (KHTML, like Gecko) Chrome/43.0.2357.134 Safari/537.36"
74,2015-07-22T22:06:48.099+05:30,103.229.78.113,"Mozilla/5.0 (Windows NT 6.1) AppleWebKit/537.36 (KHTML, like Gecko) Chrome/43.0.2357.134 Safari/537.36"
74,2015-07-22T22:06:56.663+05:30,103.229.78.113,"Mozilla/5.0 (Windows NT 6.1) AppleWebKit/537.36 (KHTML, like Gecko) Chrome/43.0.2357.134 Safari/537.36"
75,2015-07-22T22:19:52.329+05:30,103.231.218.50,"Mozilla/5.0 (Windows NT 6.1) AppleWebKit/537.36 (KHTML, like Gecko) Chrome/44.0.2403.89 Safari/537.36"
76,2015-07-22T16:11:59.997+05:30,103.232.185.47,Mozilla/5.0 (compatible; MSIE 9.0; Windows NT 6.1; Trident/7.0)
77,2015-07-22T16:17:01.130+05:30,103.232.185.47,Mozilla/5.0 (compatible; MSIE 9.0; Windows NT 6.1; Trident/7.0)
78,2015-07-22T10:42:02.645+05:30,103.238.243.99,Mozilla/5.0 (Windows NT 6.1; rv:38.0) Gecko/20100101 Firefox/38.0
78,2015-07-22T10:44:15.166+05:30,103.238.243.99,Mozilla/5.0 (Windows NT 6.1; rv:38.0) Gecko/20100101 Firefox/38.0
79,2015-07-22T10:56:22.123+05:30,103.238.243.99,Mozilla/5.0 (Windows NT 6.1; rv:38.0) Gecko/20100101 Firefox/38.0
80,2015-07-22T21:48:36.104+05:30,103.240.206.156,Mozilla/5.0 (Windows NT 6.1; rv:38.0) Gecko/20100101 Firefox/38.0
80,2015-07-22T21:53:02.438+05:30,103.240.206.156,Mozilla/5.0 (Windows NT 6.1; rv:38.0) Gecko/20100101 Firefox/38.0
80,2015-07-22T21:55:32.329+05:30,103.240.206.156,Mozilla/5.0 (Windows NT 6.1; rv:38.0) Gecko/20100101 Firefox/38.0
80,2015-07-22T21:56:47.647+05:30,103.240.206.156,Mozilla/5.0 (Windows NT 6.1; rv:38.0) Gecko/20100101 Firefox/38.0
80,2015-07-22T21:56:55.604+05:30,103.240.206.156,Mozilla/5.0 (Windows NT 6.1; rv:38.0) Gecko/20100101 Firefox/38.0
80,2015-07-22T21:57:33.902+05:30,103.240.206.156,Mozilla/5.0 (Windows NT 6.1; rv:38.0) Gecko/20100101 Firefox/38.0
80,2015-07-22T21:58:12.067+05:30,103.240.206.156,Mozilla/5.0 (Windows NT 6.1; rv:38.0) Gecko/20100101 Firefox/38.0
80,2015-07-22T21:58:50.203+05:30,103.240.206.156,Mozilla/5.0 (Windows NT 6.1; rv:38.0) Gecko/20100101 Firefox/38.0
81,2015-07-22T16:13:17.650+05:30,103.241.233.153,"Mozilla/5.0 (Macintosh; Intel Mac OS X 10_10_4) AppleWebKit/537.36 (KHTML, like Gecko) Chrome/43.0.2357.134 Safari/537.36"
81,2015-07-22T16:14:17.762+05:30,103.241.233.153,"Mozilla/5.0 (Macintosh; Intel Mac OS X 10_10_4) AppleWebKit/537.36 (KHTML, like Gecko) Chrome/43.0.2357.134 Safari/537.36"
81,2015-07-22T16:16:13.591+05:30,103.241.233.153,"Mozilla/5.0 (Macintosh; Intel Mac OS X 10_10_4) AppleWebKit/537.36 (KHTML, like Gecko) Chrome/43.0.2357.134 Safari/537.36"
81,2015-07-22T16:19:57.904+05:30,103.241.233.153,"Mozilla/5.0 (Macintosh; Intel Mac OS X 10_10_4) AppleWebKit/537.36 (KHTML, like Gecko) Chrome/43.0.2357.134 Safari/537.36"
81,2015-07-22T16:20:39.672+05:30,103.241.233.153,"Mozilla/5.0 (Macintosh; Intel Mac OS X 10_10_4) AppleWebKit/537.36 (KHTML, like Gecko) Chrome/43.0.2357.134 Safari/537.36"
81,2015-07-22T16:20:46.778+05:30,103.241.233.153,"Mozilla/5.0 (Macintosh; Intel Mac OS X 10_10_4) AppleWebKit/537.36 (KHTML, like Gecko) Chrome/43.0.2357.134 Safari/537.36"
81,2015-07-22T16:21:41.546+05:30,103.241.233.153,"Mozilla/5.0 (Macintosh; Intel Mac OS X 10_10_4) AppleWebKit/537.36 (KHTML, like Gecko) Chrome/43.0.2357.134 Safari/537.36"
81,2015-07-22T16:23:08.265+05:30,103.241.233.153,"Mozilla/5.0 (Macintosh; Intel Mac OS X 10_10_4) AppleWebKit/537.36 (KHTML, like Gecko) Chrome/43.0.2357.134 Safari/537.36"
82,2015-07-22T16:33:11.029+05:30,103.241.233.153,"Mozilla/5.0 (Macintosh; Intel Mac OS X 10_10_4) AppleWebKit/537.36 (KHTML, like Gecko) Chrome/43.0.2357.134 Safari/537.36"
82,2015-07-22T16:35:19.331+05:30,103.241.233.153,"Mozilla/5.0 (Macintosh; Intel Mac OS X 10_10_4) AppleWebKit/537.36 (KHTML, like Gecko) Chrome/43.0.2357.134 Safari/537.36"
82,2015-07-22T16:35:25.178+05:30,103.241.233.153,"Mozilla/5.0 (Macintosh; Intel Mac OS X 10_10_4) AppleWebKit/537.36 (KHTML, like Gecko) Chrome/43.0.2357.134 Safari/537.36"
82,2015-07-22T16:35:50.142+05:30,103.241.233.153,"Mozilla/5.0 (Macintosh; Intel Mac OS X 10_10_4) AppleWebKit/537.36 (KHTML, like Gecko) Chrome/43.0.2357.134 Safari/537.36"
82,2015-07-22T16:38:09.894+05:30,103.241.233.153,"Mozilla/5.0 (Macintosh; Intel Mac OS X 10_10_4) AppleWebKit/537.36 (KHTML, like Gecko) Chrome/43.0.2357.134 Safari/537.36"
82,2015-07-22T16:38:10.623+05:30,103.241.233.153,"Mozilla/5.0 (Macintosh; Intel Mac OS X 10_10_4) AppleWebKit/537.36 (KHTML, like Gecko) Chrome/43.0.2357.134 Safari/537.36"
82,2015-07-22T16:38:52.264+05:30,103.241.233.153,"Mozilla/5.0 (Macintosh; Intel Mac OS X 10_10_4) AppleWebKit/537.36 (KHTML, like Gecko) Chrome/43.0.2357.134 Safari/537.36"
82,2015-07-22T16:40:14.024+05:30,103.241.233.153,"Mozilla/5.0 (Macintosh; Intel Mac OS X 10_10_4) AppleWebKit/537.36 (KHTML, like Gecko) Chrome/43.0.2357.134 Safari/537.36"
82,2015-07-22T16:41:33.053+05:30,103.241.233.153,"Mozilla/5.0 (Macintosh; Intel Mac OS X 10_10_4) AppleWebKit/537.36 (KHTML, like Gecko) Chrome/43.0.2357.134 Safari/537.36"
82,2015-07-22T16:44:03.754+05:30,103.241.233.153,"Mozilla/5.0 (Macintosh; Intel Mac OS X 10_10_4) AppleWebKit/537.36 (KHTML, like Gecko) Chrome/43.0.2357.134 Safari/537.36"
82,2015-07-22T16:46:18.087+05:30,103.241.233.153,"Mozilla/5.0 (Macintosh; Intel Mac OS X 10_10_4) AppleWebKit/537.36 (KHTML, like Gecko) Chrome/43.0.2357.134 Safari/537.36"
82,2015-07-22T16:48:03.480+05:30,103.241.233.153,"Mozilla/5.0 (Macintosh; Intel Mac OS X 10_10_4) AppleWebKit/537.36 (KHTML, like Gecko) Chrome/43.0.2357.134 Safari/537.36"
83,2015-07-22T21:57:19.546+05:30,103.245.198.190,Mozilla/5.0 (Windows NT 6.1; WOW64; rv:39.0) Gecko/20100101 Firefox/39.0
84,2015-07-22T22:02:24.632+05:30,103.245.198.190,Mozilla/5.0 (Windows NT 6.1; WOW64; rv:39.0) Gecko/20100101 Firefox/39.0
85,2015-07-22T22:09:29.168+05:30,103.245.198.190,Mozilla/5.0 (Windows NT 6.1; WOW64; rv:39.0) Gecko/20100101 Firefox/39.0
86,2015-07-22T21:51:11.192+05:30,103.245.70.87,Mozilla/5.0 (Windows NT 6.3; WOW64; Trident/7.0; rv:11.0) like Gecko
87,2015-07-22T21:58:17.415+05:30,103.245.70.87,Mozilla/5.0 (Windows NT 6.3; WOW64; Trident/7.0; rv:11.0) like Gecko
87,2015-07-22T21:59:04.404+05:30,103.245.70.87,Mozilla/5.0 (Windows NT 6.3; WOW64; Trident/7.0; rv:11.0) like Gecko
87,2015-07-22T21:59:16.070+05:30,103.245.70.87,Mozilla/5.0 (Windows NT 6.3; WOW64; Trident/7.0; rv:11.0) like Gecko
87,2015-07-22T22:04:12.284+05:30,103.245.70.87,Mozilla/5.0 (Windows NT 6.3; WOW64; Trident/7.0; rv:11.0) like Gecko
87,2015-07-22T22:04:53.845+05:30,103.245.70.87,Mozilla/5.0 (Windows NT 6.3; WOW64; Trident/7.0; rv:11.0) like Gecko
87,2015-07-22T22:07:16.764+05:30,103.245.70.87,Mozilla/5.0 (Windows NT 6.3; WOW64; Trident/7.0; rv:11.0) like Gecko
87,2015-07-22T22:07:25.009+05:30,103.245.70.87,Mozilla/5.0 (Windows NT 6.3; WOW64; Trident/7.0; rv:11.0) like Gecko
88,2015-07-22T16:02:53.737+05:30,103.248.35.4,"Mozilla/5.0 (Windows NT 6.1; WOW64) AppleWebKit/537.36 (KHTML, like Gecko) Chrome/43.0.2357.134 Safari/537.36"
88,2015-07-22T16:04:31.524+05:30,103.248.35.4,"Mozilla/5.0 (Windows NT 6.1; WOW64) AppleWebKit/537.36 (KHTML, like Gecko) Chrome/43.0.2357.134 Safari/537.36"
88,2015-07-22T16:05:56.912+05:30,103.248.35.4,"Mozilla/5.0 (Windows NT 6.1; WOW64) AppleWebKit/537.36 (KHTML, like Gecko) Chrome/43.0.2357.134 Safari/537.36"
88,2015-07-22T16:07:03.595+05:30,103.248.35.4,"Mozilla/5.0 (Windows NT 6.1; WOW64) AppleWebKit/537.36 (KHTML, like Gecko) Chrome/43.0.2357.134 Safari/537.36"
88,2015-07-22T16:07:24.262+05:30,103.248.35.4,"Mozilla/5.0 (Windows NT 6.1; WOW64) AppleWebKit/537.36 (KHTML, like Gecko) Chrome/43.0.2357.134 Safari/537.36"
88,2015-07-22T16:07:25.651+05:30,103.248.35.4,"Mozilla/5.0 (Windows NT 6.1; WOW64) AppleWebKit/537.36 (KHTML, like Gecko) Chrome/43.0.2357.134 Safari/537.36"
88,2015-07-22T16:07:57.304+05:30,103.248.35.4,"Mozilla/5.0 (Windows NT 6.1; WOW64) AppleWebKit/537.36 (KHTML, like Gecko) Chrome/43.0.2357.134 Safari/537.36"
88,2015-07-22T16:08:10.262+05:30,103.248.35.4,"Mozilla/5.0 (Windows NT 6.1; WOW64) AppleWebKit/537.36 (KHTML, like Gecko) Chrome/43.0.2357.134 Safari/537.36"
88,2015-07-22T16:08:15.117+05:30,103.248.35.4,"Mozilla/5.0 (Windows NT 6.1; WOW64) AppleWebKit/537.36 (KHTML, like Gecko) Chrome/43.0.2357.134 Safari/537.36"
89,2015-07-22T16:08:15.434+05:30,103.248.35.4,"Mozilla/5.0 (Windows NT 6.1; WOW64) AppleWebKit/537.36 (KHTML, like Gecko) Chrome/43.0.2357.134 Safari/537.36"
89,2015-07-22T16:08:22.690+05:30,103.248.35.4,"Mozilla/5.0 (Windows NT 6.1; WOW64) AppleWebKit/537.36 (KHTML, like Gecko) Chrome/43.0.2357.134 Safari/537.36"
89,2015-07-22T16:08:25.336+05:30,103.248.35.4,"Mozilla/5.0 (Windows NT 6.1; WOW64) AppleWebKit/537.36 (KHTML, like Gecko) Chrome/43.0.2357.134 Safari/537.36"
89,2015-07-22T16:09:37.978+05:30,103.248.35.4,"Mozilla/5.0 (Windows NT 6.1; WOW64) AppleWebKit/537.36 (KHTML, like Gecko) Chrome/43.0.2357.134 Safari/537.36"
89,2015-07-22T16:09:53.768+05:30,103.248.35.4,"Mozilla/5.0 (Windows NT 6.1; WOW64) AppleWebKit/537.36 (KHTML, like Gecko) Chrome/43.0.2357.134 Safari/537.36"
89,2015-07-22T16:10:58.841+05:30,103.248.35.4,"Mozilla/5.0 (Windows NT 6.1; WOW64) AppleWebKit/537.36 (KHTML, like Gecko) Chrome/43.0.2357.134 Safari/537.36"
89,2015-07-22T16:11:50.205+05:30,103.248.35.4,"Mozilla/5.0 (Windows NT 6.1; WOW64) AppleWebKit/537.36 (KHTML, like Gecko) Chrome/43.0.2357.134 Safari/537.36"
89,2015-07-22T16:11:51.784+05:30,103.248.35.4,"Mozilla/5.0 (Windows NT 6.1; WOW64) AppleWebKit/537.36 (KHTML, like Gecko) Chrome/43.0.2357.134 Safari/537.36"
89,2015-07-22T16:12:00.066+05:30,103.248.35.4,"Mozilla/5.0 (Windows NT 6.1; WOW64) AppleWebKit/537.36 (KHTML, like Gecko) Chrome/43.0.2357.134 Safari/537.36"
89,2015-07-22T16:12:12.741+05:30,103.248.35.4,"Mozilla/5.0 (Windows NT 6.1; WOW64) AppleWebKit/537.36 (KHTML, like Gecko) Chrome/43.0.2357.134 Safari/537.36"
89,2015-07-22T16:12:18.060+05:30,103.248.35.4,"Mozilla/5.0 (Windows NT 6.1; WOW64) AppleWebKit/537.36 (KHTML, like Gecko) Chrome/43.0.2357.134 Safari/537.36"
89,2015-07-22T16:12:46.154+05:30,103.248.35.4,"Mozilla/5.0 (Windows NT 6.1; WOW64) AppleWebKit/537.36 (KHTML, like Gecko) Chrome/43.0.2357.134 Safari/537.36"
89,2015-07-22T16:13:17.464+05:30,103.248.35.4,"Mozilla/5.0 (Windows NT 6.1; WOW64) AppleWebKit/537.36 (KHTML, like Gecko) Chrome/43.0.2357.134 Safari/537.36"
89,2015-07-22T16:13:22.838+05:30,103.248.35.4,"Mozilla/5.0 (Windows NT 6.1; WOW64) AppleWebKit/537.36 (KHTML, like Gecko) Chrome/43.0.2357.134 Safari/537.36"
89,2015-07-22T16:14:18.312+05:30,103.248.35.4,"Mozilla/5.0 (Windows NT 6.1; WOW64) AppleWebKit/537.36 (KHTML, like Gecko) Chrome/43.0.2357.134 Safari/537.36"
89,2015-07-22T16:14:26.971+05:30,103.248.35.4,"Mozilla/5.0 (Windows NT 6.1; WOW64) AppleWebKit/537.36 (KHTML, like Gecko) Chrome/43.0.2357.134 Safari/537.36"
89,2015-07-22T16:15:13.612+05:30,103.248.35.4,"Mozilla/5.0 (Windows NT 6.1; WOW64) AppleWebKit/537.36 (KHTML, like Gecko) Chrome/43.0.2357.134 Safari/537.36"
89,2015-07-22T16:16:38.235+05:30,103.248.35.4,"Mozilla/5.0 (Windows NT 6.1; WOW64) AppleWebKit/537.36 (KHTML, like Gecko) Chrome/43.0.2357.134 Safari/537.36"
89,2015-07-22T16:17:38.212+05:30,103.248.35.4,"Mozilla/5.0 (Windows NT 6.1; WOW64) AppleWebKit/537.36 (KHTML, like Gecko) Chrome/43.0.2357.134 Safari/537.36"
89,2015-07-22T16:17:49.606+05:30,103.248.35.4,"Mozilla/5.0 (Windows NT 6.1; WOW64) AppleWebKit/537.36 (KHTML, like Gecko) Chrome/43.0.2357.134 Safari/537.36"
89,2015-07-22T16:18:39.884+05:30,103.248.35.4,"Mozilla/5.0 (Windows NT 6.1; WOW64) AppleWebKit/537.36 (KHTML, like Gecko) Chrome/43.0.2357.134 Safari/537.36"
89,2015-07-22T16:20:25.857+05:30,103.248.35.4,"Mozilla/5.0 (Windows NT 6.1; WOW64) AppleWebKit/537.36 (KHTML, like Gecko) Chrome/43.0.2357.134 Safari/537.36"
89,2015-07-22T16:21:14.587+05:30,103.248.35.4,"Mozilla/5.0 (Windows NT 6.1; WOW64) AppleWebKit/537.36 (KHTML, like Gecko) Chrome/43.0.2357.134 Safari/537.36"
89,2015-07-22T16:22:46.943+05:30,103.248.35.4,"Mozilla/5.0 (Windows NT 6.1; WOW64) AppleWebKit/537.36 (KHTML, like Gecko) Chrome/43.0.2357.134 Safari/537.36"
89,2015-07-22T16:24:01.711+05:30,103.248.35.4,"Mozilla/5.0 (Windows NT 6.1; WOW64) AppleWebKit/537.36 (KHTML, like Gecko) Chrome/43.0.2357.134 Safari/537.36"
90,2015-07-22T22:13:59.670+05:30,103.248.35.4,"Mozilla/5.0 (Windows NT 6.1; WOW64) AppleWebKit/537.36 (KHTML, like Gecko) Chrome/43.0.2357.134 Safari/537.36"
90,2015-07-22T22:16:02.420+05:30,103.248.35.4,"Mozilla/5.0 (Windows NT 6.1; WOW64) AppleWebKit/537.36 (KHTML, like Gecko) Chrome/43.0.2357.134 Safari/537.36"
91,2015-07-22T22:23:27.525+05:30,103.248.35.4,"Mozilla/5.0 (Windows NT 6.1; WOW64) AppleWebKit/537.36 (KHTML, like Gecko) Chrome/43.0.2357.134 Safari/537.36"
91,2015-07-22T22:26:39.920+05:30,103.248.35.4,"Mozilla/5.0 (Windows NT 6.1; WOW64) AppleWebKit/537.36 (KHTML, like Gecko) Chrome/43.0.2357.134 Safari/537.36"
91,2015-07-22T22:28:07.909+05:30,103.248.35.4,"Mozilla/5.0 (Windows NT 6.1; WOW64) AppleWebKit/537.36 (KHTML, like Gecko) Chrome/43.0.2357.134 Safari/537.36"
91,2015-07-22T22:28:09.060+05:30,103.248.35.4,"Mozilla/5.0 (Windows NT 6.1; WOW64) AppleWebKit/537.36 (KHTML, like Gecko) Chrome/43.0.2357.134 Safari/537.36"
91,2015-07-22T22:29:41.113+05:30,103.248.35.4,"Mozilla/5.0 (Windows NT 6.1; WOW64) AppleWebKit/537.36 (KHTML, like Gecko) Chrome/43.0.2357.134 Safari/537.36"
92,2015-07-22T22:29:41.174+05:30,103.248.35.4,"Mozilla/5.0 (Windows NT 6.1; WOW64) AppleWebKit/537.36 (KHTML, like Gecko) Chrome/43.0.2357.134 Safari/537.36"
93,2015-07-22T14:34:22.996+05:30,103.249.232.39,Mozilla/5.0 (Windows NT 6.1; WOW64; rv:40.0) Gecko/20100101 Firefox/40.0
93,2015-07-22T14:35:25.362+05:30,103.249.232.39,Mozilla/5.0 (Windows NT 6.1; WOW64; rv:40.0) Gecko/20100101 Firefox/40.0
93,2015-07-22T14:36:32.637+05:30,103.249.232.39,Mozilla/5.0 (Windows NT 6.1; WOW64; rv:40.0) Gecko/20100101 Firefox/40.0
93,2015-07-22T14:37:10.235+05:30,103.249.232.39,Mozilla/5.0 (Windows NT 6.1; WOW64; rv:40.0) Gecko/20100101 Firefox/40.0
93,2015-07-22T14:39:28.093+05:30,103.249.232.39,Mozilla/5.0 (Windows NT 6.1; WOW64; rv:40.0) Gecko/20100101 Firefox/40.0
94,2015-07-22T14:39:28.462+05:30,103.249.232.39,Mozilla/5.0 (Windows NT 6.1; WOW64; rv:40.0) Gecko/20100101 Firefox/40.0
94,2015-07-22T14:39:31.318+05:30,103.249.232.39,Mozilla/5.0 (Windows NT 6.1; WOW64; rv:40.0) Gecko/20100101 Firefox/40.0
94,2015-07-22T14:42:35.156+05:30,103.249.232.39,Mozilla/5.0 (Windows NT 6.1; WOW64; rv:40.0) Gecko/20100101 Firefox/40.0
94,2015-07-22T14:42:36.867+05:30,103.249.232.39,Mozilla/5.0 (Windows NT 6.1; WOW64; rv:40.0) Gecko/20100101 Firefox/40.0
94,2015-07-22T14:42:57.203+05:30,103.249.232.39,Mozilla/5.0 (Windows NT 6.1; WOW64; rv:40.0) Gecko/20100101 Firefox/40.0
94,2015-07-22T14:43:04.183+05:30,103.249.232.39,Mozilla/5.0 (Windows NT 6.1; WOW64; rv:40.0) Gecko/20100101 Firefox/40.0
95,2015-07-22T14:49:51.732+05:30,103.249.232.39,Mozilla/5.0 (Windows NT 6.1; WOW64; rv:40.0) Gecko/20100101 Firefox/40.0
96,2015-07-22T16:19:43.906+05:30,103.249.90.2,Mozilla/5.0 (Windows NT 6.0; WOW64; rv:39.0) Gecko/20100101 Firefox/39.0
96,2015-07-22T16:23:45.095+05:30,103.249.90.2,Mozilla/5.0 (Windows NT 6.0; WOW64; rv:39.0) Gecko/20100101 Firefox/39.0
96,2015-07-22T16:25:32.288+05:30,103.249.90.2,Mozilla/5.0 (Windows NT 6.0; WOW64; rv:39.0) Gecko/20100101 Firefox/39.0
96,2015-07-22T16:29:22.921+05:30,103.249.90.2,Mozilla/5.0 (Windows NT 6.0; WOW64; rv:39.0) Gecko/20100101 Firefox/39.0
96,2015-07-22T16:29:25.039+05:30,103.249.90.2,Mozilla/5.0 (Windows NT 6.0; WOW64; rv:39.0) Gecko/20100101 Firefox/39.0
97,2015-07-22T22:16:44.102+05:30,103.252.24.13,"Mozilla/5.0 (Linux; Android 5.1.1; Spice Mi-498 Build/LMY47V) AppleWebKit/537.36 (KHTML, like Gecko) Chrome/43.0.2357.93 Mobile Safari/537.36"
97,2015-07-22T22:17:52.907+05:30,103.252.24.13,"Mozilla/5.0 (Linux; Android 5.1.1; Spice Mi-498 Build/LMY47V) AppleWebKit/537.36 (KHTML, like Gecko) Chrome/43.0.2357.93 Mobile Safari/537.36"
97,2015-07-22T22:21:07.464+05:30,103.252.24.13,"Mozilla/5.0 (Linux; Android 5.1.1; Spice Mi-498 Build/LMY47V) AppleWebKit/537.36 (KHTML, like Gecko) Chrome/43.0.2357.93 Mobile Safari/537.36"
98,2015-07-22T22:26:34.243+05:30,103.252.24.13,"Mozilla/5.0 (Linux; Android 5.1.1; Spice Mi-498 Build/LMY47V) AppleWebKit/537.36 (KHTML, like Gecko) Chrome/43.0.2357.93 Mobile Safari/537.36"
99,2015-07-22T16:33:20.204+05:30,103.252.25.189,"Mozilla/5.0 (Windows NT 6.1; Win64; x64) AppleWebKit/537.36 (KHTML, like Gecko) Chrome/45.0.2454.12 Safari/537.36"
99,2015-07-22T16:34:59.768+05:30,103.252.25.189,"Mozilla/5.0 (Windows NT 6.1; Win64; x64) AppleWebKit/537.36 (KHTML, like Gecko) Chrome/45.0.2454.12 Safari/537.36"
99,2015-07-22T16:35:57.971+05:30,103.252.25.189,"Mozilla/5.0 (Windows NT 6.1; Win64; x64) AppleWebKit/537.36 (KHTML, like Gecko) Chrome/45.0.2454.12 Safari/537.36"
99,2015-07-22T16:36:01.581+05:30,103.252.25.189,"Mozilla/5.0 (Windows NT 6.1; Win64; x64) AppleWebKit/537.36 (KHTML, like Gecko) Chrome/45.0.2454.12 Safari/537.36"
99,2015-07-22T16:36:22.071+05:30,103.252.25.189,"Mozilla/5.0 (Windows NT 6.1; Win64; x64) AppleWebKit/537.36 (KHTML, like Gecko) Chrome/45.0.2454.12 Safari/537.36"
99,2015-07-22T16:36:34.004+05:30,103.252.25.189,"Mozilla/5.0 (Windows NT 6.1; Win64; x64) AppleWebKit/537.36 (KHTML, like Gecko) Chrome/45.0.2454.12 Safari/537.36"
99,2015-07-22T16:39:24.641+05:30,103.252.25.189,"Mozilla/5.0 (Windows NT 6.1; Win64; x64) AppleWebKit/537.36 (KHTML, like Gecko) Chrome/45.0.2454.12 Safari/537.36"
99,2015-07-22T16:40:00.856+05:30,103.252.25.189,"Mozilla/5.0 (Windows NT 6.1; Win64; x64) AppleWebKit/537.36 (KHTML, like Gecko) Chrome/45.0.2454.12 Safari/537.36"
99,2015-07-22T16:40:15.013+05:30,103.252.25.189,"Mozilla/5.0 (Windows NT 6.1; Win64; x64) AppleWebKit/537.36 (KHTML, like Gecko) Chrome/45.0.2454.12 Safari/537.36"
99,2015-07-22T16:41:18.064+05:30,103.252.25.189,"Mozilla/5.0 (Windows NT 6.1; Win64; x64) AppleWebKit/537.36 (KHTML, like Gecko) Chrome/45.0.2454.12 Safari/537.36"
99,2015-07-22T16:41:58.176+05:30,103.252.25.189,"Mozilla/5.0 (Windows NT 6.1; Win64; x64) AppleWebKit/537.36 (KHTML, like Gecko) Chrome/45.0.2454.12 Safari/537.36"
99,2015-07-22T16:42:56.111+05:30,103.252.25.189,"Mozilla/5.0 (Windows NT 6.1; Win64; x64) AppleWebKit/537.36 (KHTML, like Gecko) Chrome/45.0.2454.12 Safari/537.36"
99,2015-07-22T16:43:05.354+05:30,103.252.25.189,"Mozilla/5.0 (Windows NT 6.1; Win64; x64) AppleWebKit/537.36 (KHTML, like Gecko) Chrome/45.0.2454.12 Safari/537.36"
99,2015-07-22T16:43:38.847+05:30,103.252.25.189,"Mozilla/5.0 (Windows NT 6.1; Win64; x64) AppleWebKit/537.36 (KHTML, like Gecko) Chrome/45.0.2454.12 Safari/537.36"
99,2015-07-22T16:44:31.826+05:30,103.252.25.189,"Mozilla/5.0 (Windows NT 6.1; Win64; x64) AppleWebKit/537.36 (KHTML, like Gecko) Chrome/45.0.2454.12 Safari/537.36"
100,2015-07-22T21:50:56.776+05:30,103.252.25.189,"Mozilla/5.0 (Windows NT 6.1; Win64; x64) AppleWebKit/537.36 (KHTML, like Gecko) Chrome/45.0.2454.12 Safari/537.36"
100,2015-07-22T21:51:13.196+05:30,103.252.25.189,"Mozilla/5.0 (Windows NT 6.1; Win64; x64) AppleWebKit/537.36 (KHTML, like Gecko) Chrome/45.0.2454.12 Safari/537.36"
100,2015-07-22T21:51:56.720+05:30,103.252.25.189,"Mozilla/5.0 (Windows NT 6.1; Win64; x64) AppleWebKit/537.36 (KHTML, like Gecko) Chrome/45.0.2454.12 Safari/537.36"
101,2015-07-22T22:27:31.892+05:30,103.252.25.189,"Mozilla/5.0 (Windows NT 6.1; Win64; x64) AppleWebKit/537.36 (KHTML, like Gecko) Chrome/45.0.2454.12 Safari/537.36"
101,2015-07-22T22:27:46.500+05:30,103.252.25.189,"Mozilla/5.0 (Windows NT 6.1; Win64; x64) AppleWebKit/537.36 (KHTML, like Gecko) Chrome/45.0.2454.12 Safari/537.36"
101,2015-07-22T22:28:01.929+05:30,103.252.25.189,"Mozilla/5.0 (Windows NT 6.1; Win64; x64) AppleWebKit/537.36 (KHTML, like Gecko) Chrome/45.0.2454.12 Safari/537.36"
102,2015-07-22T21:42:28.459+05:30,103.254.131.16,"Mozilla/5.0 (BB10; Touch) AppleWebKit/537.35+ (KHTML, like Gecko) Version/10.3.1.2576 Mobile Safari/537.35+"
102,2015-07-22T21:45:34.970+05:30,103.254.131.16,"Mozilla/5.0 (BB10; Touch) AppleWebKit/537.35+ (KHTML, like Gecko) Version/10.3.1.2576 Mobile Safari/537.35+"
103,2015-07-22T21:53:21.997+05:30,103.254.131.16,"Mozilla/5.0 (BB10; Touch) AppleWebKit/537.35+ (KHTML, like Gecko) Version/10.3.1.2576 Mobile Safari/537.35+"
104,2015-07-22T22:02:20.902+05:30,103.254.131.16,"Mozilla/5.0 (BB10; Touch) AppleWebKit/537.35+ (KHTML, like Gecko) Version/10.3.1.2576 Mobile Safari/537.35+"
104,2015-07-22T22:05:42.073+05:30,103.254.131.16,"Mozilla/5.0 (BB10; Touch) AppleWebKit/537.35+ (KHTML, like Gecko) Version/10.3.1.2576 Mobile Safari/537.35+"
104,2015-07-22T22:07:17.393+05:30,103.254.131.16,"Mozilla/5.0 (BB10; Touch) AppleWebKit/537.35+ (KHTML, like Gecko) Version/10.3.1.2576 Mobile Safari/537.35+"
105,2015-07-22T16:16:32.993+05:30,103.38.247.47,"Mozilla/5.0 (Windows NT 6.3; WOW64) AppleWebKit/537.36 (KHTML, like Gecko) Chrome/44.0.2403.89 Safari/537.36"
105,2015-07-22T16:16:57.468+05:30,103.38.247.47,"Mozilla/5.0 (Windows NT 6.3; WOW64) AppleWebKit/537.36 (KHTML, like Gecko) Chrome/44.0.2403.89 Safari/537.36"
105,2015-07-22T16:17:47.056+05:30,103.38.247.47,"Mozilla/5.0 (Windows NT 6.3; WOW64) AppleWebKit/537.36 (KHTML, like Gecko) Chrome/44.0.2403.89 Safari/537.36"
105,2015-07-22T16:19:51.926+05:30,103.38.247.47,"Mozilla/5.0 (Windows NT 6.3; WOW64) AppleWebKit/537.36 (KHTML, like Gecko) Chrome/44.0.2403.89 Safari/537.36"
105,2015-07-22T16:21:00.136+05:30,103.38.247.47,"Mozilla/5.0 (Windows NT 6.3; WOW64) AppleWebKit/537.36 (KHTML, like Gecko) Chrome/44.0.2403.89 Safari/537.36"
105,2015-07-22T16:21:51.376+05:30,103.38.247.47,"Mozilla/5.0 (Windows NT 6.3; WOW64) AppleWebKit/537.36 (KHTML, like Gecko) Chrome/44.0.2403.89 Safari/537.36"
105,2015-07-22T16:26:35.477+05:30,103.38.247.47,"Mozilla/5.0 (Windows NT 6.3; WOW64) AppleWebKit/537.36 (KHTML, like Gecko) Chrome/44.0.2403.89 Safari/537.36"
105,2015-07-22T16:27:00.583+05:30,103.38.247.47,"Mozilla/5.0 (Windows NT 6.3; WOW64) AppleWebKit/537.36 (KHTML, like Gecko) Chrome/44.0.2403.89 Safari/537.36"
105,2015-07-22T16:28:56.803+05:30,103.38.247.47,"Mozilla/5.0 (Windows NT 6.3; WOW64) AppleWebKit/537.36 (KHTML, like Gecko) Chrome/44.0.2403.89 Safari/537.36"
105,2015-07-22T16:29:49.305+05:30,103.38.247.47,"Mozilla/5.0 (Windows NT 6.3; WOW64) AppleWebKit/537.36 (KHTML, like Gecko) Chrome/44.0.2403.89 Safari/537.36"
105,2015-07-22T16:32:16.361+05:30,103.38.247.47,"Mozilla/5.0 (Windows NT 6.3; WOW64) AppleWebKit/537.36 (KHTML, like Gecko) Chrome/44.0.2403.89 Safari/537.36"
106,2015-07-22T23:37:47.755+05:30,103.39.251.18,Mozilla/4.0 (compatible; MSIE 7.0; Windows NT 6.1; WOW64; Trident/4.0; SLCC2; .NET CLR 2.0.50727; .NET CLR 3.5.30729; .NET CLR 3.0.30729; InfoPath.2; .NET4.0C; .NET4.0E)
106,2015-07-22T23:40:59.266+05:30,103.39.251.18,Mozilla/4.0 (compatible; MSIE 7.0; Windows NT 6.1; WOW64; Trident/4.0; SLCC2; .NET CLR 2.0.50727; .NET CLR 3.5.30729; .NET CLR 3.0.30729; InfoPath.2; .NET4.0C; .NET4.0E)
107,2015-07-22T14:36:19.496+05:30,103.4.233.203,"Mozilla/5.0 (Windows NT 5.1) AppleWebKit/537.36 (KHTML, like Gecko) Chrome/43.0.2357.134 Safari/537.36"
107,2015-07-22T14:36:55.490+05:30,103.4.233.203,"Mozilla/5.0 (Windows NT 5.1) AppleWebKit/537.36 (KHTML, like Gecko) Chrome/43.0.2357.134 Safari/537.36"
107,2015-07-22T14:37:29.134+05:30,103.4.233.203,"Mozilla/5.0 (Windows NT 5.1) AppleWebKit/537.36 (KHTML, like Gecko) Chrome/43.0.2357.134 Safari/537.36"
108,2015-07-22T14:37:29.213+05:30,103.4.233.203,"Mozilla/5.0 (Windows NT 5.1) AppleWebKit/537.36 (KHTML, like Gecko) Chrome/43.0.2357.134 Safari/537.36"
108,2015-07-22T14:39:42.339+05:30,103.4.233.203,"Mozilla/5.0 (Windows NT 5.1) AppleWebKit/537.36 (KHTML, like Gecko) Chrome/43.0.2357.134 Safari/537.36"
108,2015-07-22T14:44:34.243+05:30,103.4.233.203,"Mozilla/5.0 (Windows NT 5.1) AppleWebKit/537.36 (KHTML, like Gecko) Chrome/43.0.2357.134 Safari/537.36"
108,2015-07-22T14:46:33.383+05:30,103.4.233.203,"Mozilla/5.0 (Windows NT 5.1) AppleWebKit/537.36 (KHTML, like Gecko) Chrome/43.0.2357.134 Safari/537.36"
108,2015-07-22T14:46:41.498+05:30,103.4.233.203,"Mozilla/5.0 (Windows NT 5.1) AppleWebKit/537.36 (KHTML, like Gecko) Chrome/43.0.2357.134 Safari/537.36"
108,2015-07-22T14:50:45.059+05:30,103.4.233.203,"Mozilla/5.0 (Windows NT 5.1) AppleWebKit/537.36 (KHTML, like Gecko) Chrome/43.0.2357.134 Safari/537.36"
109,2015-07-22T22:12:19.786+05:30,103.41.34.242,Mozilla/5.0 (compatible; MSIE 10.0; Windows Phone 8.0; Trident/6.0; IEMobile/10.0; ARM; Touch; NOKIA; Lumia 520)
110,2015-07-22T22:18:48.597+05:30,103.41.34.242,Mozilla/5.0 (compatible; MSIE 10.0; Windows Phone 8.0; Trident/6.0; IEMobile/10.0; ARM; Touch; NOKIA; Lumia 520)
110,2015-07-22T22:22:57.474+05:30,103.41.34.242,Mozilla/5.0 (compatible; MSIE 10.0; Windows Phone 8.0; Trident/6.0; IEMobile/10.0; ARM; Touch; NOKIA; Lumia 520)
